country,admin1,map_prev_2010,id,ID_1,a0,a1,b1,a2,b2,a3,b3,theta_c,,,,,,,,
Angola,Bengo,0.407186,1,33,0.284401,0.255946,0.15183,-0.0876854,-0.0470694,-0.0345699,-0.117675,0.287125817,,,,,,,,
Angola,Benguela,0.321512,2,34,0.284815,0.334474,0.0960829,-0.0118537,0.0112564,-0.0747778,-0.0686251,0.289229961,,,,,,,,
Angola,Bié,0.276078,3,35,0.285128,0.362399,0.0142822,0.0440714,-0.008709,-0.0505009,-0.024573,0.286494795,,,,,,,,
Angola,Cabinda,0.348215,4,36,0.284963,0.265376,0.142164,-0.0410428,-0.0363676,-0.0329141,-0.057822,0.286847675,,,,,,,,
Angola,Cuando Cubango,0.240423,5,37,0.285318,0.401168,0.0919515,0.116047,0.0694565,-0.022812,0.0060039,0.287579663,,,,,,,,
Angola,Cuanza Norte,0.419941,6,38,0.28501,0.250592,0.0834794,-0.086718,-0.0866706,-0.0487653,-0.09384,0.285463722,,,,,,,,
Angola,Cuanza Sul,0.466438,7,39,0.285063,0.291796,0.0429758,-0.0625233,-0.0524682,-0.0624394,-0.0735444,0.286499254,,,,,,,,
Angola,Cunene,0.301732,8,40,0.284667,0.376932,0.120614,0.0650981,0.0883571,-0.0566363,0.0188147,0.28791769,,,,,,,,
Angola,Huambo,0.297737,9,41,0.285421,0.336527,-0.0201464,-0.0006058,-0.0549561,-0.0651286,-0.0344107,0.286458198,,,,,,,,
Angola,Huíla,0.272124,10,42,0.285263,0.355494,0.0718998,0.0194739,0.0185048,-0.0796551,-0.0385595,0.289681335,,,,,,,,
Angola,Luanda,0.167495,11,43,0.283486,0.254811,0.180896,-0.0900411,-0.0161217,-0.0224505,-0.119563,0.287743187,,,,,,,,
Angola,Lunda Norte,0.503038,12,44,0.285199,0.27707,-0.007341,-0.0566755,-0.0199782,-0.0514138,-0.0234493,0.285337537,,,,,,,,
Angola,Lunda Sul,0.328517,13,45,0.285334,0.319642,0.0109075,-0.0147868,-0.002352,-0.0618787,-0.0145888,0.285578173,,,,,,,,
Angola,Malanje,0.491109,14,46,0.285146,0.302184,0.0160609,-0.042969,-0.0436231,-0.0665912,-0.0478499,0.285403094,,,,,,,,
Angola,Moxico,0.209303,15,47,0.28539,0.37688,0.0537361,0.0696288,0.0237255,-0.0405563,-0.016293,0.287150351,,,,,,,,
Angola,Namibe,0.097912,16,48,0.285212,0.364945,0.18488,0.0202245,0.127246,-0.103311,-0.0309897,0.296297023,,,,,,,,
Angola,Uíge,0.421522,17,49,0.284952,0.234786,0.0813775,-0.0772187,-0.0856183,-0.0200303,-0.0649681,0.286001655,,,,,,,,
Angola,Zaire,0.452267,18,50,0.284663,0.237031,0.141465,-0.0748682,-0.0873683,-0.0027814,-0.0938355,0.287361519,,,,,,,,
Burundi,Bubanza,0.193957,19,241,0.285071,0.223171,0.118434,-0.0593443,-0.0007215,-0.0068699,-0.0256336,0.285071,,,,,,,,
Burundi,Bujumbura Mairie,0.199092,20,242,0.2853,0.231882,0.112472,-0.0453815,0.0043087,-0.0128917,-0.0318257,0.2853,,,,,,,,
Burundi,Bujumbura Rural,0.123117,21,243,0.285105,0.233698,0.116576,-0.0490885,0.0108011,-0.0151819,-0.0285282,0.285105,,,,,,,,
Burundi,Bururi,0.100421,22,244,0.28479,0.261716,0.120265,-0.032893,0.0008139,-0.0141049,-0.0354119,0.28479,,,,,,,,
Burundi,Cankuzo,0.188669,23,245,0.284569,0.238107,0.151043,-0.0506937,-0.0020832,0.0041193,-0.047251,0.284935493,,,,,,,,
Burundi,Cibitoke,0.088058,24,246,0.285497,0.209315,0.108326,-0.0565223,-0.0088885,0.0095565,-0.0272965,0.285497,,,,,,,,
Burundi,Gitega,0.085827,25,247,0.284551,0.262083,0.129509,-0.0318554,0.0102293,-0.0087467,-0.0370056,0.284561936,,,,,,,,
Burundi,Karuzi,0.114277,26,248,0.284841,0.233217,0.126883,-0.0644404,0.0012546,-0.0094125,-0.033068,0.284984681,,,,,,,,
Burundi,Kayanza,0.054817,27,249,0.285052,0.21917,0.113006,-0.0785946,0.002557,-0.0148855,-0.0229391,0.285052,,,,,,,,
Burundi,Kirundo,0.154918,28,250,0.285355,0.18267,0.132234,-0.102069,0.007662,0.0009127,-0.0264655,0.28538074,,,,,,,,
Burundi,Makamba,0.23502,29,251,0.28505,0.272606,0.119775,-0.0289188,-0.0090301,-0.0170751,-0.0451109,0.28505,,,,,,,,
Burundi,Muramvya,0.054134,30,252,0.285022,0.230486,0.116199,-0.0648494,-0.0002944,-0.0171424,-0.0290227,0.285022,,,,,,,,
Burundi,Muyinga,0.132047,31,253,0.284865,0.195392,0.142346,-0.0968092,-0.0145823,-0.0024579,-0.04978,0.28503311,,,,,,,,
Burundi,Mwaro,0.045222,32,254,0.285206,0.250774,0.119251,-0.043236,0.00538,-0.0180433,-0.0324857,0.285206,,,,,,,,
Burundi,Ngozi,0.09491,33,255,0.285255,0.209215,0.12283,-0.0866113,0.0043707,-0.0038744,-0.0251514,0.285585826,,,,,,,,
Burundi,Rutana,0.183563,34,256,0.284536,0.275548,0.127704,-0.0275173,0.0008613,-0.0195337,-0.0558908,0.284586403,,,,,,,,
Burundi,Ruyigi,0.217126,35,257,0.28477,0.265687,0.139376,-0.0286504,-0.0050021,-0.0040066,-0.0558518,0.284997982,,,,,,,,
Benin,Alibori,0.526645,36,269,0.285403,-0.360561,-0.144674,0.0325538,0.125453,0.0811124,-0.0329166,0.288808141,,,,,,,,
Benin,Atakora,0.638732,37,270,0.285629,-0.323795,-0.140403,-0.0124578,0.0941893,0.0729503,-0.0114603,0.286029781,,,,,,,,
Benin,Atlantique,0.452671,38,271,0.285878,-0.223517,0.0159364,-0.0407078,-0.132437,-0.0559803,0.120366,0.288296504,,,,,,,,
Benin,Borgou,0.587256,39,272,0.285301,-0.294324,-0.115789,-0.0350903,0.0630548,0.0686503,0.0199123,0.285447943,,,,,,,,
Benin,Collines,0.590639,40,273,0.285349,-0.249345,-0.0312435,-0.0559004,0.0042437,0.0318987,0.0332714,0.285349,,,,,,,,
Benin,Donga,0.613263,41,274,0.285264,-0.2759,-0.0995214,-0.0313494,0.0690375,0.0626716,0.0041215,0.285264,,,,,,,,
Benin,Kouffo,0.544119,42,275,0.285651,-0.193982,-0.0158939,-0.0701304,-0.0693404,-0.0324655,0.0812462,0.286284224,,,,,,,,
Benin,Littoral,0.318332,43,276,0.286705,-0.270248,0.0304738,-0.0028133,-0.134463,-0.0421557,0.126359,0.289294179,,,,,,,,
Benin,Mono,0.486087,44,277,0.285634,-0.207785,0.0257983,-0.063353,-0.123575,-0.0430211,0.113324,0.287672477,,,,,,,,
Benin,Ouémé,0.382224,45,278,0.286316,-0.250837,0.0064524,-0.0184809,-0.129249,-0.0498081,0.123177,0.288825716,,,,,,,,
Benin,Plateau,0.457007,46,279,0.285491,-0.210826,-0.0106209,-0.0740954,-0.0632117,-0.0184688,0.0813729,0.286832967,,,,,,,,
Benin,Zou,0.537116,47,280,0.285847,-0.211519,-0.0158249,-0.0657285,-0.049501,-0.0135664,0.0719103,0.28633562,,,,,,,,
Burkina Faso,Balé,0.676014,48,281,0.284966,-0.352972,-0.153574,0.0247495,0.131722,0.0780225,-0.0344524,0.28735101,,,,,,,,
Burkina Faso,Bam,0.723597,49,282,0.284898,-0.384006,-0.191574,0.0785644,0.175051,0.0550449,-0.0439957,0.288562575,,,,,,,,
Burkina Faso,Banwa,0.704838,50,283,0.285172,-0.361677,-0.163035,0.0457963,0.129281,0.0605395,-0.0302478,0.287020723,,,,,,,,
Burkina Faso,Bazéga,0.629759,51,284,0.285092,-0.358102,-0.165138,0.0276714,0.1484,0.0799692,-0.0323733,0.288339031,,,,,,,,
Burkina Faso,Bougouriba,0.6216,52,285,0.285461,-0.311821,-0.127533,-0.0241424,0.0999628,0.0729361,-0.0175893,0.285502267,,,,,,,,
Burkina Faso,Boulgou,0.653938,53,286,0.285494,-0.343226,-0.147444,0.0099514,0.119652,0.0829823,-0.0151147,0.287648923,,,,,,,,
Burkina Faso,Boulkiemdé,0.664566,54,287,0.285209,-0.367212,-0.16969,0.0493577,0.153284,0.0650875,-0.0432248,0.287689814,,,,,,,,
Burkina Faso,Ganzourgou,0.655937,55,288,0.285048,-0.361485,-0.164626,0.0371904,0.132542,0.0705748,-0.0148618,0.288255002,,,,,,,,
Burkina Faso,Gnagna,0.613145,56,289,0.284841,-0.373228,-0.177803,0.0661221,0.149569,0.0500554,-0.0356674,0.286794107,,,,,,,,
Burkina Faso,Gourma,0.630483,57,290,0.285315,-0.36146,-0.154138,0.0381301,0.118111,0.0744725,-0.0131014,0.28876941,,,,,,,,
Burkina Faso,Houet,0.612049,58,291,0.284876,-0.33837,-0.149334,0.0124823,0.11276,0.0606899,-0.0285651,0.285548986,,,,,,,,
Burkina Faso,Ioba,0.627531,59,292,0.285521,-0.321436,-0.133402,-0.0151761,0.111392,0.0775258,-0.0269061,0.285709091,,,,,,,,
Burkina Faso,Kadiogo,0.58118,60,293,0.285025,-0.369343,-0.182635,0.0483817,0.167156,0.068936,-0.0454358,0.288239458,,,,,,,,
Burkina Faso,Kénédougou,0.631772,61,294,0.285156,-0.332351,-0.140219,0.0108289,0.0986601,0.0482638,-0.0211512,0.285313241,,,,,,,,
Burkina Faso,Komoé,0.583664,62,295,0.285276,-0.293646,-0.110158,-0.0388283,0.074139,0.0778141,-0.0064251,0.285276,,,,,,,,
Burkina Faso,Komondjari,0.56548,63,296,0.28496,-0.376165,-0.155978,0.0648761,0.121273,0.0591385,-0.014693,0.288705868,,,,,,,,
Burkina Faso,Kompienga,0.665083,64,297,0.285578,-0.345264,-0.154446,0.0150218,0.126597,0.0812045,-0.0223596,0.287574844,,,,,,,,
Burkina Faso,Kossi,0.72002,65,298,0.285608,-0.376322,-0.179171,0.0788288,0.149225,0.0397797,-0.0405668,0.286802288,,,,,,,,
Burkina Faso,Koulpélogo,0.687086,66,299,0.285507,-0.337692,-0.147676,0.0010752,0.121604,0.0925746,-0.0195029,0.287802159,,,,,,,,
Burkina Faso,Kouritenga,0.645105,67,300,0.285195,-0.363484,-0.159576,0.0361493,0.129308,0.081963,-0.0160798,0.28968088,,,,,,,,
Burkina Faso,Kourwéogo,0.698264,68,301,0.285084,-0.37303,-0.181615,0.0590703,0.162142,0.0614563,-0.0414241,0.287977101,,,,,,,,
Burkina Faso,Léraba,0.577617,69,302,0.284991,-0.303069,-0.124157,-0.0116633,0.0961296,0.0688174,-0.0102205,0.284991,,,,,,,,
Burkina Faso,Loroum,0.679804,70,303,0.285045,-0.387732,-0.190439,0.0902905,0.179213,0.0446713,-0.0566513,0.28763391,,,,,,,,
Burkina Faso,Mou Houn,0.712084,71,304,0.285168,-0.365001,-0.162518,0.0471611,0.140413,0.0666955,-0.0411391,0.287645879,,,,,,,,
Burkina Faso,Nahouri,0.641813,72,305,0.285651,-0.345302,-0.149549,0.0119679,0.132196,0.0769232,-0.0283977,0.287351014,,,,,,,,
Burkina Faso,Namentenga,0.647564,73,306,0.284711,-0.377099,-0.187088,0.0672563,0.165342,0.0549656,-0.0408112,0.287554084,,,,,,,,
Burkina Faso,Nayala,0.723076,74,307,0.285341,-0.372894,-0.185193,0.0599804,0.169815,0.0638365,-0.0543946,0.28823806,,,,,,,,
Burkina Faso,Oubritenga,0.685396,75,308,0.284995,-0.372826,-0.188566,0.0572105,0.168951,0.0580883,-0.0411511,0.287647977,,,,,,,,
Burkina Faso,Oudalan,0.503923,76,309,0.284197,-0.398982,-0.200694,0.118646,0.203794,0.033801,-0.0774793,0.287011235,,,,,,,,
Burkina Faso,Passoré,0.724978,77,310,0.285098,-0.380107,-0.18109,0.0728011,0.16427,0.0539488,-0.0425392,0.287991993,,,,,,,,
Burkina Faso,Poni,0.58714,78,311,0.286091,-0.289639,-0.111742,-0.0401858,0.0719509,0.0580902,-0.001069,0.286091,,,,,,,,
Burkina Faso,Sanguié,0.6844,79,312,0.285081,-0.369917,-0.167601,0.0542413,0.152814,0.063535,-0.0458535,0.287674411,,,,,,,,
Burkina Faso,Sanmatenga,0.692462,80,313,0.284917,-0.376983,-0.192077,0.066412,0.169193,0.0554137,-0.0402656,0.28783508,,,,,,,,
Burkina Faso,Séno,0.530041,81,314,0.283754,-0.392167,-0.178462,0.118999,0.169723,0.0281397,-0.0613858,0.285285148,,,,,,,,
Burkina Faso,Sissili,0.634663,82,315,0.285329,-0.338642,-0.134054,0.0101801,0.121886,0.0745269,-0.0293103,0.286280777,,,,,,,,
Burkina Faso,Soum,0.645266,83,316,0.2849,-0.389256,-0.201499,0.0921633,0.193542,0.0477685,-0.0573701,0.288141848,,,,,,,,
Burkina Faso,Sourou,0.716142,84,317,0.28536,-0.380801,-0.192939,0.0805772,0.173369,0.0441691,-0.0475343,0.287225936,,,,,,,,
Burkina Faso,Tapoa,0.53578,85,318,0.285349,-0.369612,-0.153731,0.0509409,0.130322,0.0697222,-0.0279331,0.288766302,,,,,,,,
Burkina Faso,Tuy,0.66548,86,319,0.285064,-0.339134,-0.145234,0.009879,0.114317,0.0693019,-0.0311994,0.285969407,,,,,,,,
Burkina Faso,Yagha,0.512872,87,320,0.28431,-0.385339,-0.181942,0.0915868,0.158175,0.0376512,-0.0422232,0.286318184,,,,,,,,
Burkina Faso,Yatenga,0.697282,88,321,0.285376,-0.387252,-0.193855,0.0889781,0.180668,0.0435013,-0.0521737,0.287822139,,,,,,,,
Burkina Faso,Ziro,0.644332,89,322,0.285244,-0.351275,-0.149818,0.0221532,0.133801,0.0766967,-0.0297093,0.287389332,,,,,,,,
Burkina Faso,Zondoma,0.721219,90,323,0.285391,-0.383496,-0.179965,0.0761451,0.168517,0.0590985,-0.0467191,0.289136266,,,,,,,,
Burkina Faso,Zoundwéogo,0.640149,91,324,0.285714,-0.350559,-0.15046,0.0174751,0.132766,0.0786777,-0.025686,0.288064846,,,,,,,,
Botswana,Central,0.051843,92,492,0.285301,0.353614,0.0699107,0.0938916,0.0266408,-0.0201898,0.0009567,0.285409242,,,,,,,,
Botswana,Ghanzi,0.093805,93,493,0.285143,0.349977,0.0979071,0.068052,0.0616692,-0.0396755,0.0223107,0.285879589,,,,,,,,
Botswana,Kgalagadi,0.000459,94,494,0.285826,0.28707,0.0934089,-0.0115353,0.0236996,-0.0494181,0.0151852,0.286420214,,,,,,,,
Botswana,Kgatleng,0.017305,95,495,0.284861,0.328326,0.0586755,0.0745984,0.0113649,-0.0181753,-0.0123635,0.284861,,,,,,,,
Botswana,Kweneng,0.000959,96,496,0.284784,0.315448,0.0732045,0.0764059,0.0302206,-0.023999,0.0209227,0.284784,,,,,,,,
Botswana,North-East,0.022505,97,497,0.285432,0.35865,0.0554658,0.0836978,0.0096952,-0.0132707,-0.0199421,0.285432,,,,,,,,
Botswana,North-West,0.102948,98,498,0.285684,0.394794,0.107095,0.121496,0.0800061,-0.0119957,0.0097613,0.286276595,,,,,,,,
Botswana,South-East,0,99,499,0.284758,0.311193,0.043292,0.0698596,-0.0025732,-0.0032865,0.0182173,0.284758,,,,,,,,
Botswana,Southern,0,100,500,0.284825,0.300512,0.075262,0.0660841,0.0286768,-0.0176835,0.0327605,0.284825,,,,,,,,
Central African Republic,Bamingui-Bangoran,0.395893,101,501,0.284971,-0.262911,-0.159984,-0.062009,0.0446512,0.0222683,0.0568262,0.286884838,,,,,,,,
Central African Republic,Bangui,0.448843,102,502,0.285687,-0.159497,-0.0327368,-0.0756966,0.0089216,-0.0405677,-0.0150129,0.285687,,,,,,,,
Central African Republic,Basse-Kotto,0.498293,103,503,0.285191,-0.153344,-0.0559751,-0.0942462,-0.0106131,-0.0231511,-0.0013037,0.285191,,,,,,,,
Central African Republic,Haute-Kotto,0.418088,104,504,0.28498,-0.231768,-0.116856,-0.071325,0.0124443,0.0062904,0.0421523,0.285605178,,,,,,,,
Central African Republic,Haut-Mbomou,0.4137,105,505,0.284989,-0.197405,-0.071977,-0.0754974,-0.0241465,-0.0006655,0.0236373,0.284989,,,,,,,,
Central African Republic,Kémo,0.495308,106,506,0.285119,-0.187664,-0.085267,-0.0800304,0.0282897,-0.0150294,0.0161069,0.285119,,,,,,,,
Central African Republic,Lobaye,0.498685,107,507,0.285052,-0.147486,-0.0500034,-0.0789025,0.025369,-0.024751,-0.0096608,0.285052,,,,,,,,
Central African Republic,Mambéré-Kadéï,0.518651,108,508,0.285471,-0.150717,-0.0762232,-0.0922485,0.0179853,-0.0232087,0.0004412,0.285471,,,,,,,,
Central African Republic,Mbomou,0.451704,109,509,0.285249,-0.177241,-0.0716094,-0.0833326,-0.0192295,-0.0139293,0.0193894,0.285249,,,,,,,,
Central African Republic,Nana-Grébizi,0.448075,110,510,0.285037,-0.23122,-0.122573,-0.0687651,0.031911,0.0024332,0.0360309,0.28576518,,,,,,,,
Central African Republic,Nana-Mambéré,0.500967,111,511,0.285709,-0.204833,-0.100618,-0.0787666,0.0480904,0.0042474,-0.0060547,0.285709,,,,,,,,
Central African Republic,Ombella-M'Poko,0.464564,112,512,0.285075,-0.180249,-0.0662608,-0.0707077,0.0400804,-0.0191183,-0.0110798,0.285075,,,,,,,,
Central African Republic,Ouaka,0.503912,113,513,0.285169,-0.187952,-0.08102,-0.0892879,0.0146953,-0.0122069,0.0137467,0.285280122,,,,,,,,
Central African Republic,Ouham,0.482347,114,514,0.284848,-0.244089,-0.118731,-0.0561511,0.0467141,0.0045718,0.015625,0.285393998,,,,,,,,
Central African Republic,Ouham-Pendé,0.503453,115,515,0.285185,-0.266799,-0.11982,-0.0433068,0.0755416,0.0306103,-0.0158709,0.285185,,,,,,,,
Central African Republic,Sangha-Mbaéré,0.487791,116,516,0.285589,-0.119414,-0.0536595,-0.0975846,0.0036903,-0.020819,0.0067769,0.285589,,,,,,,,
Central African Republic,Vakaga,0.21312,117,517,0.285165,-0.323099,-0.168116,0.0049636,0.0777388,0.026025,0.0285434,0.286482604,,,,,,,,
Côte d'Ivoire,Agnéby,0.532025,118,603,0.285532,-0.121944,0.0612002,-0.0686962,-0.166233,-0.0696862,0.0844837,0.285532,,,,,,,,
Côte d'Ivoire,Bafing,0.570606,119,604,0.285716,-0.224635,-0.0056564,-0.0565846,0.0418674,0.0255793,-0.0284486,0.285716,,,,,,,,
Côte d'Ivoire,Bas-Sassandra,0.512701,120,605,0.285136,-0.10952,0.0849145,-0.0312718,-0.142667,-0.0419023,0.0644825,0.285136,,,,,,,,
Côte d'Ivoire,Denguélé,0.571287,121,606,0.285435,-0.295013,-0.0959533,-0.0134884,0.0775905,0.048272,-0.0101754,0.285435,,,,,,,,
Côte d'Ivoire,Dix-Huit Montagnes,0.52586,122,607,0.285108,-0.162941,-0.0055819,-0.101576,-0.0043132,0.0076611,0.0106752,0.285108,,,,,,,,
Côte d'Ivoire,Fromager,0.489197,123,608,0.28563,-0.10839,0.0782606,-0.088367,-0.102943,-0.0309434,0.0542474,0.28563,,,,,,,,
Côte d'Ivoire,Haut-Sassandra,0.535301,124,609,0.285716,-0.158697,0.0384718,-0.101633,-0.0436042,0.0002779,0.0337706,0.285716,,,,,,,,
Côte d'Ivoire,Lacs,0.486709,125,610,0.285557,-0.147075,0.0649764,-0.0920781,-0.092206,-0.007953,0.070772,0.285557,,,,,,,,
Côte d'Ivoire,Lagunes,0.534328,126,611,0.285356,-0.130831,0.082456,-0.0356523,-0.186401,-0.0686614,0.0884577,0.285356,,,,,,,,
Côte d'Ivoire,Marahoué,0.540367,127,612,0.28542,-0.15929,0.0547408,-0.0995389,-0.0649822,-0.0042447,0.0403871,0.28542,,,,,,,,
Côte d'Ivoire,Moyen-Cavally,0.51724,128,613,0.285069,-0.150439,0.0072118,-0.0949181,-0.063116,-0.0097118,0.0402974,0.285069,,,,,,,,
Côte d'Ivoire,Moyen-Comoé,0.53217,129,614,0.285416,-0.133207,0.0362069,-0.0917479,-0.13014,-0.0502565,0.081197,0.285416,,,,,,,,
Côte d'Ivoire,N'zi-Comoé,0.532004,130,615,0.285523,-0.143733,0.051771,-0.107812,-0.0909437,-0.0235121,0.0689615,0.285523,,,,,,,,
Côte d'Ivoire,Savanes,0.572157,131,616,0.285488,-0.269003,-0.0936381,-0.0510438,0.0612653,0.0568455,0.0072098,0.285488,,,,,,,,
Côte d'Ivoire,Sud-Bandama,0.450392,132,617,0.28543,-0.100343,0.0901471,-0.0555901,-0.161,-0.0533207,0.0713836,0.28543,,,,,,,,
Côte d'Ivoire,Sud-Comoé,0.63193,133,618,0.285238,-0.130131,0.0748674,-0.0389873,-0.170434,-0.0686029,0.0740172,0.285238,,,,,,,,
Côte d'Ivoire,Vallée du Bandama,0.565653,134,619,0.285718,-0.190159,-0.0136399,-0.106894,-0.0082378,0.0345129,0.0283793,0.285718,,,,,,,,
Côte d'Ivoire,Worodougou,0.600522,135,620,0.285663,-0.213745,-0.0280577,-0.0735172,0.0294789,0.0310456,-0.0005309,0.285663,,,,,,,,
Côte d'Ivoire,Zanzan,0.532641,136,621,0.28555,-0.189377,-0.0337605,-0.105541,-0.0176235,0.0275593,0.0416123,0.28555,,,,,,,,
Cameroon,Adamaoua,0.494807,137,623,0.285864,-0.241416,-0.108327,-0.0832455,0.0093512,0.0415404,0.0211808,0.285864,,,,,,,,
Cameroon,Centre,0.421824,138,624,0.285523,-0.127064,-0.0638683,-0.15904,-0.0305478,0.0157359,0.0208935,0.285523,,,,,,,,
Cameroon,Est,0.512125,139,625,0.285829,-0.103898,-0.0477574,-0.124617,-0.0167702,-0.0117357,0.017031,0.285829,,,,,,,,
Cameroon,Extrême-Nord,0.355789,140,626,0.285822,-0.368631,-0.185309,0.0571221,0.149755,0.0539608,-0.0372346,0.28773283,,,,,,,,
Cameroon,Littoral,0.504656,141,627,0.285828,-0.146782,-0.0851422,-0.13866,0.0162071,0.0418158,0.0009394,0.285828,,,,,,,,
Cameroon,Nord,0.421513,142,628,0.285702,-0.31097,-0.153341,-0.0274098,0.0697578,0.0698885,0.0226491,0.286207999,,,,,,,,
Cameroon,Nord-Ouest,0.690979,143,629,0.286141,-0.208446,-0.0852706,-0.10335,0.0077211,0.0362554,0.0199541,0.286141,,,,,,,,
Cameroon,Ouest,0.553323,144,630,0.285952,-0.188099,-0.0990542,-0.119974,0.0390866,0.048735,-0.0115499,0.285952,,,,,,,,
Cameroon,Sud,0.530833,145,631,0.2855,-0.0399668,-0.0236998,-0.165345,-0.0544119,-0.002573,0.0211788,0.2855,,,,,,,,
Cameroon,Sud-Ouest,0.584407,146,632,0.285878,-0.168413,-0.075615,-0.115928,0.0151661,0.0363917,0.0131334,0.285878,,,,,,,,
Democratic Republic of the Congo,Bandundu,0.388015,147,633,0.284823,0.167415,0.0242317,-0.072854,-0.0544296,-0.0075631,-0.0173898,0.284823,,,,,,,,
Democratic Republic of the Congo,Bas-Congo,0.429739,148,634,0.284811,0.238766,0.113229,-0.0643925,-0.0838645,-0.0207386,-0.0805047,0.285230926,,,,,,,,
Democratic Republic of the Congo,Équateur,0.447957,149,635,0.285277,-0.0248801,-0.0216681,-0.0529426,-0.0242904,-0.016891,-0.0073646,0.285277,,,,,,,,
Democratic Republic of the Congo,Kasaï-Occidental,0.465215,150,636,0.285021,0.18173,0.0045833,-0.0745495,-0.0145079,-0.0023457,-0.017342,0.285021,,,,,,,,
Democratic Republic of the Congo,Kasaï-Oriental,0.442449,151,637,0.285321,0.155118,-0.0086666,-0.0671506,-0.006577,-0.0068389,-0.0192331,0.285321,,,,,,,,
Democratic Republic of the Congo,Katanga,0.389541,152,638,0.285404,0.320731,0.0413785,0.0060387,0.0118482,-0.0320289,-0.0276333,0.286138332,,,,,,,,
Democratic Republic of the Congo,Kinshasa City,0.321783,153,639,0.284872,0.201154,0.0987577,-0.0812372,-0.0969079,-0.0057655,-0.0617248,0.285188879,,,,,,,,
Democratic Republic of the Congo,Kivu,0.168252,154,640,0.285244,0.131968,0.0215288,-0.060308,-0.0198891,0.0061108,-0.0187604,0.285244,,,,,,,,
Democratic Republic of the Congo,Orientale,0.389968,155,641,0.28525,-0.0478176,-0.0089385,-0.0860122,-0.0409562,-0.0117064,-0.0207758,0.28525,,,,,,,,
Congo,Bouenza,0.434318,156,642,0.284871,0.249553,0.085966,-0.0598002,-0.0883188,-0.0390026,-0.0674842,0.286461439,,,,,,,,
Congo,Cuvette,0.440976,157,643,0.285079,0.0918948,0.0144014,-0.0977226,-0.0711413,-0.0069721,-0.0013194,0.285079,,,,,,,,
Congo,Cuvette-Ouest,0.417996,158,644,0.28527,0.0956931,0.0001659,-0.114656,-0.0771735,-0.0131286,0.0207322,0.28527,,,,,,,,
Congo,Kouilou,0.216076,159,645,0.285131,0.275607,0.111034,-0.0342501,-0.05461,-0.0394172,-0.0599829,0.287552892,,,,,,,,
Congo,Lékoumou,0.386746,160,646,0.285077,0.236256,0.0802184,-0.0513853,-0.0910969,-0.0122253,-0.0557747,0.285700037,,,,,,,,
Congo,Likouala,0.434511,161,647,0.285245,-0.0577181,-0.0319719,-0.0794086,-0.0131269,-0.0155838,0.0041705,0.285245,,,,,,,,
Congo,Niari,0.374573,162,648,0.285176,0.250805,0.0829484,-0.0555124,-0.0911642,-0.0357431,-0.0666813,0.286758824,,,,,,,,
Congo,Plateaux,0.422631,163,649,0.285038,0.145993,0.0504192,-0.08307,-0.0830722,0.0116858,0.0044438,0.285038,,,,,,,,
Congo,Pool,0.354545,164,650,0.284833,0.210441,0.0806771,-0.0727853,-0.0959922,-0.0056706,-0.0486843,0.285658183,,,,,,,,
Congo,Sangha,0.451251,165,651,0.285281,0.0063893,-0.0203454,-0.110097,-0.0379505,-0.0143501,0.0123816,0.285281,,,,,,,,
Djibouti,Ali Sabieh,0.000908,166,769,0.28423,-0.210228,-0.0643424,-0.121949,0.0771989,0.204222,-0.12624,0.288827906,,,,,,,,
Djibouti,Dikhil,8.20E-05,167,770,0.284757,-0.232652,-0.0647699,-0.115069,0.157459,0.162509,-0.173942,0.287708197,,,,,,,,
Djibouti,Djibouti,0.027686,168,771,0.284028,-0.0317827,-0.0641486,-0.0296234,-0.0284468,0.229439,-0.177995,0.289975935,,,,,,,,
Djibouti,Obock,0.03809,169,772,0.283482,-0.13574,-0.111662,-0.11891,0.0350269,0.23298,-0.142124,0.292030985,,,,,,,,
Djibouti,Tadjourah,0.017143,170,773,0.285058,-0.252969,-0.12913,-0.15132,0.149474,0.221695,-0.112253,0.29194316,,,,,,,,
Eritrea,Anseba,0.004613,171,925,0.284509,-0.36644,-0.117172,0.0666784,0.220935,0.0458241,-0.24232,0.298848159,,,,,,,,
Eritrea,Debub,0.021927,172,926,0.284182,-0.319264,-0.107584,-0.003508,0.148889,0.102853,-0.168916,0.291590405,,,,,,,,
Eritrea,Debubawi Keyih Bahri,0.029115,173,927,0.28449,-0.249528,-0.127059,-0.128061,0.159677,0.172114,-0.146987,0.289457191,,,,,,,,
Eritrea,Gash Barka,0.073911,174,928,0.2842,-0.394303,-0.249646,0.0803428,0.28971,0.0927224,-0.15647,0.295308722,,,,,,,,
Eritrea,Maekel,0.023209,175,929,0.284108,-0.335131,-0.111037,0.0518641,0.197858,0.0418853,-0.212027,0.291406303,,,,,,,,
Eritrea,Semenawi Keyih Bahri,0.017157,176,930,0.284353,-0.395204,-0.254046,0.0659845,0.30802,0.137369,-0.1721,0.302268877,,,,,,,,
Ethiopia,Addis Ababa,0.000255,177,968,0.285228,-0.258869,-0.0863306,0.0589169,0.14891,0.0281264,-0.11827,0.285228,,,,,,,,
Ethiopia,Afar,0.041387,178,969,0.284926,-0.245543,-0.104353,-0.0884248,0.199611,0.122291,-0.186338,0.286822668,,,,,,,,
Ethiopia,Amhara,0.039181,179,970,0.284838,-0.317777,-0.153939,0.0548196,0.188821,0.0083395,-0.129507,0.285306221,,,,,,,,
Ethiopia,Benshangul-Gumaz,0.140083,180,971,0.285197,-0.328605,-0.159863,0.0269049,0.0667676,0.0147976,0.048831,0.286868119,,,,,,,,
Ethiopia,Dire Dawa,0.026025,181,972,0.285326,-0.203629,-0.0339167,-0.113216,0.104619,0.0872182,-0.113825,0.285326,,,,,,,,
Ethiopia,Gambela Peoples,0.071548,182,973,0.285086,-0.132927,-0.0831129,-0.0627215,-0.0579991,0.0146791,0.0280526,0.285086,,,,,,,,
Ethiopia,Harari People,0.009957,183,974,0.285834,-0.185366,-0.0221799,-0.100177,-0.0395838,0.0641527,0.0089026,0.285834,,,,,,,,
Ethiopia,Oromia,0.020476,184,975,0.284599,-0.138554,0.0067871,-0.0851469,-0.0637996,0.0470504,-0.037179,0.284599,,,,,,,,
Ethiopia,Somali,0.040739,185,976,0.284864,-0.0490683,0.0110484,-0.193251,-0.228073,0.0485083,-0.040717,0.291091643,,,,,,,,
Ethiopia,"Southern Nations, Nationalities and Peoples",0.031876,186,977,0.284209,-0.0481345,0.0621725,-0.078664,-0.100488,0.0608051,-0.0414261,0.284209,,,,,,,,
Ethiopia,Tigray,0.037782,187,978,0.284539,-0.359159,-0.17546,0.0742674,0.245759,0.0482225,-0.169681,0.288706611,,,,,,,,
Gabon,Estuaire,0.476724,188,1021,0.286148,0.180599,0.012873,-0.131849,-0.128904,-0.058946,-0.0183377,0.288630126,,,,,,,,
Gabon,Haut-Ogooué,0.413985,189,1022,0.285679,0.168641,0.0497539,-0.0835445,-0.101303,-0.0038235,-0.015385,0.285792218,,,,,,,,
Gabon,Moyen-Ogooué,0.459111,190,1023,0.28592,0.187523,0.0136046,-0.131682,-0.13317,-0.0525164,-0.0275179,0.288716887,,,,,,,,
Gabon,Ngounié,0.446954,191,1024,0.285691,0.212897,0.0446834,-0.0901069,-0.121267,-0.0382212,-0.0436454,0.287812528,,,,,,,,
Gabon,Nyanga,0.409287,192,1025,0.285452,0.266385,0.0794327,-0.0456225,-0.0827948,-0.0440091,-0.0592835,0.288066275,,,,,,,,
Gabon,Ogooué-Ivindo,0.487651,193,1026,0.285697,0.115469,0.0095596,-0.135741,-0.0930817,-0.0355504,-0.000875,0.285697,,,,,,,,
Gabon,Ogooué-Lolo,0.469605,194,1027,0.286003,0.175318,0.0316192,-0.102051,-0.0996839,-0.0203818,-0.0140167,0.286409336,,,,,,,,
Gabon,Ogooué-Maritime,0.323567,195,1028,0.285507,0.238809,0.0623686,-0.071076,-0.117792,-0.0390664,-0.053199,0.289272674,,,,,,,,
Gabon,Wouleu-Ntem,0.552193,196,1029,0.285786,0.0473753,-0.0150511,-0.159224,-0.0782316,-0.0347952,0.0127057,0.285786,,,,,,,,
Ghana,Ashanti,0.336059,197,1046,0.285259,-0.135174,0.0097347,-0.108834,-0.0803507,-0.029118,0.0674463,0.285259,,,,,,,,
Ghana,Brong Ahafo,0.449768,198,1047,0.285579,-0.173713,-0.0126138,-0.113257,-0.0469629,-0.0078626,0.0541776,0.286003336,,,,,,,,
Ghana,Central,0.31742,199,1048,0.284799,-0.123299,0.073499,-0.0718143,-0.157066,-0.061877,0.0867054,0.284799,,,,,,,,
Ghana,Eastern,0.301517,200,1049,0.285482,-0.100317,0.0233678,-0.101181,-0.0966025,-0.0502529,0.0647695,0.285482,,,,,,,,
Ghana,Greater Accra,0.157485,201,1050,0.285809,-0.162062,0.0796293,-0.0578313,-0.150214,-0.0154217,0.100208,0.285809,,,,,,,,
Ghana,Northern,0.564034,202,1051,0.285308,-0.256521,-0.0928681,-0.0620794,0.048772,0.0647324,0.0241417,0.285308,,,,,,,,
Ghana,Upper East,0.651055,203,1052,0.285505,-0.325352,-0.132815,-0.0109352,0.104675,0.0779865,-0.013919,0.286131778,,,,,,,,
Ghana,Upper West,0.588766,204,1053,0.285702,-0.303901,-0.100629,-0.0268126,0.0757815,0.0635111,-0.0167982,0.285702,,,,,,,,
Ghana,Volta,0.375648,205,1054,0.285664,-0.18745,-0.0161154,-0.0856658,-0.0518459,-6.13E-05,0.0542105,0.285664,,,,,,,,
Ghana,Western,0.493314,206,1055,0.284917,-0.126793,0.0577066,-0.0684535,-0.160235,-0.0600011,0.0788537,0.284917,,,,,,,,
Guinea,Boké,0.186106,207,1057,0.285656,-0.302568,-0.295719,-0.0165975,0.159586,0.0273726,0.0226885,0.28850121,,,,,,,,
Guinea,Conarky,0.206556,208,1058,0.28528,-0.365756,-0.26639,0.0593745,0.226935,0.0611339,-0.0685376,0.287969663,,,,,,,,
Guinea,Faranah,0.411648,209,1059,0.285356,-0.304056,-0.168728,-0.0037432,0.089759,0.04465,-0.0056152,0.285356,,,,,,,,
Guinea,Kankan,0.469968,210,1060,0.285528,-0.321442,-0.150079,0.0137165,0.102159,0.0453103,-0.013294,0.285528,,,,,,,,
Guinea,Kindia,0.258239,211,1061,0.285795,-0.299952,-0.256888,0.0006654,0.131841,0.0255732,0.0013415,0.285795,,,,,,,,
Guinea,Labé,0.312437,212,1062,0.285734,-0.321479,-0.237484,0.0116465,0.142086,0.0408299,0.0033852,0.285916357,,,,,,,,
Guinea,Mamou,0.281105,213,1063,0.28571,-0.286943,-0.193135,-0.0042071,0.0855485,0.0283834,0.0031072,0.28571,,,,,,,,
Guinea,Nzérékoré,0.507606,214,1064,0.285544,-0.205788,-0.0381994,-0.0668426,0.0234196,0.0095836,-0.0197102,0.285544,,,,,,,,
Gambia,Banjul,0.054514,215,1068,0.285137,-0.329374,-0.334149,-0.0017622,0.289755,0.0906107,-0.0634346,0.287160722,,,,,,,,
Gambia,Lower River,0.131171,216,1069,0.284535,-0.333157,-0.319367,0.009076,0.260742,0.0682266,-0.045192,0.28607191,,,,,,,,
Gambia,Maccarthy Island,0.187213,217,1070,0.284788,-0.323272,-0.314791,0.0011234,0.240256,0.0739435,-0.024868,0.287530567,,,,,,,,
Gambia,North Bank,0.129477,218,1071,0.285013,-0.331609,-0.319575,0.0072525,0.262468,0.076648,-0.0447904,0.287052121,,,,,,,,
Gambia,Upper River,0.206032,219,1072,0.284987,-0.326283,-0.30795,0.0027734,0.232687,0.0806359,-0.0161144,0.289305289,,,,,,,,
Gambia,Western,0.087164,220,1073,0.285032,-0.333523,-0.323956,0.0106248,0.277058,0.0740103,-0.0538617,0.286568808,,,,,,,,
Guinea-Bissau,Bafatá,0.158448,221,1074,0.285363,-0.308777,-0.316291,-0.0238525,0.201299,0.0495789,0.0154622,0.28986981,,,,,,,,
Guinea-Bissau,Biombo,0.094505,222,1075,0.285529,-0.327099,-0.334946,-0.0062663,0.250228,0.0465909,-0.0398175,0.287449258,,,,,,,,
Guinea-Bissau,Bissau,0.083594,223,1076,0.285656,-0.317957,-0.329666,-0.0094225,0.226937,0.0368024,-0.0217538,0.288096917,,,,,,,,
Guinea-Bissau,Bolama,0.099505,224,1077,0.285268,-0.336395,-0.330695,0.0168397,0.263468,0.0353331,-0.0690963,0.287991455,,,,,,,,
Guinea-Bissau,Cacheu,0.079544,225,1078,0.285552,-0.331672,-0.332747,-0.0028921,0.25408,0.0544057,-0.0414205,0.287173809,,,,,,,,
Guinea-Bissau,Gabú,0.31801,226,1079,0.28542,-0.311119,-0.303709,-0.0166636,0.189888,0.0449332,0.0253879,0.290641591,,,,,,,,
Guinea-Bissau,Oio,0.158808,227,1080,0.285456,-0.315149,-0.321651,-0.0114961,0.2179,0.0443644,-0.0102483,0.287889819,,,,,,,,
Guinea-Bissau,Quinara,0.074098,228,1081,0.285305,-0.317544,-0.325288,-0.0143939,0.217579,0.0361284,-0.0126111,0.288231245,,,,,,,,
Guinea-Bissau,Tombali,0.066937,229,1082,0.285435,-0.311262,-0.326999,-0.0176277,0.208947,0.0264545,-0.0115447,0.288429028,,,,,,,,
Equatorial Guinea,Bioko Norte,0.398037,230,1084,0.286556,-0.191482,-0.100378,-0.0857726,0.0332651,0.0483217,-0.0014018,0.286556,,,,,,,,
Equatorial Guinea,Bioko Sur,0.428808,231,1085,0.28611,-0.168599,-0.102381,-0.0883508,0.0486243,0.0567588,-0.002036,0.28611,,,,,,,,
Equatorial Guinea,Centro Sur,0.593288,232,1086,0.286122,0.111578,-0.0099971,-0.150423,-0.0918799,-0.0420887,0.0121272,0.286122,,,,,,,,
Equatorial Guinea,Kié-Ntem,0.591698,233,1087,0.285778,0.0124118,-0.0257748,-0.171639,-0.0750794,-0.0087735,0.03012,0.285778,,,,,,,,
Equatorial Guinea,Litoral,0.529776,234,1088,0.286613,0.118491,0.0093668,-0.149312,-0.110127,-0.0450719,0.0120578,0.286736076,,,,,,,,
Equatorial Guinea,Wele-Nzás,0.600748,235,1089,0.286027,0.0703974,-0.0212674,-0.15195,-0.0781609,-0.0337664,0.0239682,0.286027,,,,,,,,
Kenya,Central,0.003474,236,1518,0.285723,0.030725,0.114749,-0.128963,-0.172801,0.077335,-0.0973614,0.285723,,,,,,,,
Kenya,Coast,0.042913,237,1519,0.28617,0.128162,0.0156432,-0.0770491,-0.234222,-0.0219809,-0.129494,0.28617,,,,,,,,
Kenya,Eastern,0.006785,238,1520,0.285058,0.122789,0.103897,-0.154343,-0.242594,0.0379711,-0.181323,0.287599414,,,,,,,,
Kenya,Nairobi,0.001039,239,1521,0.285527,0.0871996,0.163577,-0.103762,-0.163604,0.0998071,-0.102961,0.286207236,,,,,,,,
Kenya,North-Eastern,0.016492,240,1522,0.285479,0.0911333,0.0329219,-0.211788,-0.319022,-0.0237991,-0.154269,0.300862499,,,,,,,,
Kenya,Nyanza,0.194162,241,1523,0.285184,0.0222422,0.0720075,-0.0979991,-0.090205,0.0584285,-0.0581812,0.285184,,,,,,,,
Kenya,Rift Valley,0.019127,242,1524,0.284459,0.0133514,0.12333,-0.120098,-0.125323,0.0886026,-0.0960817,0.284459,,,,,,,,
Kenya,Western,0.314304,243,1525,0.285383,-0.0645554,0.0253879,-0.0899388,-0.0594116,0.0599311,-0.0449292,0.285383,,,,,,,,
Liberia,Bomi,0.381839,244,1623,0.285932,-0.194789,-0.0661051,-0.0298269,-0.0387963,-0.0058646,0.0364129,0.285932,,,,,,,,
Liberia,Bong,0.527953,245,1624,0.285303,-0.156977,0.0102204,-0.0937793,-0.0391122,0.0101666,0.0279778,0.285303,,,,,,,,
Liberia,Gbapolu,0.451741,246,1625,0.28535,-0.174477,-0.0708214,-0.0674196,-0.0198745,-0.0023397,0.0123669,0.28535,,,,,,,,
Liberia,Grand Cape Mount,0.35912,247,1626,0.285851,-0.186241,-0.1224,-0.0372411,-0.02811,-0.0067109,0.0271061,0.285851,,,,,,,,
Liberia,GrandBassa,0.377121,248,1627,0.285119,-0.147408,0.0016116,-0.0841075,-0.0847216,-0.013727,0.0627656,0.285119,,,,,,,,
Liberia,GrandGedeh,0.467342,249,1628,0.285111,-0.141804,0.0174749,-0.0600254,-0.0836248,-0.0210386,0.0519223,0.285111,,,,,,,,
Liberia,GrandKru,0.466718,250,1629,0.284921,-0.136465,0.0455363,-0.016406,-0.152483,-0.0240924,0.0804538,0.284921,,,,,,,,
Liberia,Lofa,0.492297,251,1630,0.28531,-0.170993,-0.0586297,-0.0794267,-0.0184859,0.0039826,-0.0024671,0.28531,,,,,,,,
Liberia,Margibi,0.370426,252,1631,0.285463,-0.146872,-0.0020335,-0.0755647,-0.0569551,-0.0049134,0.0511572,0.285463,,,,,,,,
Liberia,Maryland,0.482973,253,1632,0.285106,-0.127932,0.0662359,-0.0160415,-0.143105,-0.0201129,0.0839598,0.285106,,,,,,,,
Liberia,Montserrado,0.301806,254,1633,0.285729,-0.163388,-0.0486397,-0.0568535,-0.0359347,0.0057085,0.0480126,0.285729,,,,,,,,
Liberia,Nimba,0.534717,255,1634,0.285142,-0.157492,-0.0230536,-0.0978622,-0.0433066,-0.0068762,0.0359813,0.285142,,,,,,,,
Liberia,River Cess,0.359357,256,1635,0.284889,-0.135044,0.0191721,-0.071243,-0.105096,-0.026339,0.0738055,0.284889,,,,,,,,
Liberia,River Gee,0.466642,257,1636,0.285269,-0.104022,0.0627865,-0.0295488,-0.105862,-0.0263276,0.0685928,0.285269,,,,,,,,
Liberia,Sinoe,0.392197,258,1637,0.284581,-0.137625,0.0302725,-0.0351818,-0.138893,-0.0170397,0.0848723,0.284581,,,,,,,,
Lesotho,Berea,0,259,1716,0.285401,0.24135,0.0464344,0.0020289,0.0314773,-0.0333993,0.0186854,0.285401,,,,,,,,
Lesotho,Butha-Buthe,0,260,1717,0.285265,0.24355,0.0286737,0.021371,0.0355073,-0.0403688,0.0210408,0.285265,,,,,,,,
Lesotho,Leribe,0,261,1718,0.285207,0.255159,0.0430707,0.0235994,0.0329164,-0.028213,0.0133199,0.285207,,,,,,,,
Lesotho,Mafeteng,0,262,1719,0.285544,0.236487,0.0471621,-0.0171412,0.0418381,-0.0380252,0.0194706,0.285544,,,,,,,,
Lesotho,Maseru,0,263,1720,0.285624,0.236867,0.0383482,-0.0067264,0.0336597,-0.032921,0.0175145,0.285624,,,,,,,,
Lesotho,Mohale's Hoek,0,264,1721,0.285526,0.232814,0.0301619,-0.0081578,0.0485196,-0.0246963,0.0153051,0.285526,,,,,,,,
Lesotho,Mokhotlong,0,265,1722,0.28526,0.246952,0.0307551,0.0307472,0.051203,-0.0336356,0.014513,0.28526,,,,,,,,
Lesotho,Qacha's Nek,0,266,1723,0.285272,0.245084,0.0171103,0.0155059,0.0472021,-0.0280867,0.0060067,0.285272,,,,,,,,
Lesotho,Quthing,0,267,1724,0.285152,0.213234,0.0336683,-0.0081271,0.0403935,-0.0288168,0.0060096,0.285152,,,,,,,,
Lesotho,Thaba-Tseka,0,268,1725,0.285193,0.243611,0.029032,0.0166379,0.0484118,-0.0319281,0.0167533,0.285193,,,,,,,,
Mali,Bamako,0.391618,269,1844,0.28584,-0.366458,-0.222903,0.0622439,0.175507,0.0343679,-0.025773,0.28685652,,,,,,,,
Mali,Gao,0.16777,270,1845,0.285334,-0.361832,-0.235493,0.0996651,0.273695,0.0823757,-0.124337,0.290073335,,,,,,,,
Mali,Kayes,0.369328,271,1846,0.286058,-0.343083,-0.252197,0.0500784,0.203786,0.0410675,-0.030798,0.286253995,,,,,,,,
Mali,Kidal,0.066199,272,1847,0.285903,-0.259119,-0.162482,0.100024,0.231977,0.0682219,-0.0592342,0.287462543,,,,,,,,
Mali,Koulikoro,0.536695,273,1848,0.285875,-0.359051,-0.217742,0.0696702,0.188454,0.0408056,-0.0487112,0.285891946,,,,,,,,
Mali,Mopti,0.559126,274,1849,0.285636,-0.381327,-0.226308,0.0962637,0.224153,0.0444809,-0.0928875,0.287402053,,,,,,,,
Mali,Ségou,0.627896,275,1850,0.286137,-0.375584,-0.216129,0.0857604,0.204146,0.0481407,-0.0756266,0.287531794,,,,,,,,
Mali,Sikasso,0.595959,276,1851,0.285281,-0.34266,-0.163928,0.0273029,0.121378,0.057432,-0.0081434,0.28591198,,,,,,,,
Mali,Timbuktu,0.249467,277,1852,0.285831,-0.133396,-0.111612,0.0312725,0.197307,0.0542995,-0.0490578,0.285831,,,,,,,,
Mozambique,Cabo Delgado,0.591039,278,1914,0.28518,0.377263,0.204865,0.112722,0.159566,0.0087699,0.0274147,0.285464148,,,,,,,,
Mozambique,Gaza,0.323446,279,1915,0.28542,0.306926,0.0572628,0.0503518,-0.0027763,-0.0475877,-0.054133,0.28542,,,,,,,,
Mozambique,Inhambane,0.419279,280,1916,0.285257,0.307372,0.0589218,0.0772107,0.002183,-0.0312572,-0.0535881,0.285257,,,,,,,,
Mozambique,Manica,0.297383,281,1917,0.286364,0.365744,0.0822612,0.134027,0.0440689,0.0103539,-0.0268698,0.286364,,,,,,,,
Mozambique,Maputo,0.166278,282,1918,0.28461,0.276726,0.057839,0.0313308,-0.0253619,-0.0269997,-0.0600923,0.28461,,,,,,,,
Mozambique,Nampula,0.637531,283,1919,0.285212,0.379748,0.191243,0.144187,0.157192,0.0297882,0.0359616,0.285988903,,,,,,,,
Mozambique,Nassa,0.483836,284,1920,0.285809,0.408351,0.172713,0.161801,0.145116,0.0396671,0.0308438,0.28695811,,,,,,,,
Mozambique,Sofala,0.333169,285,1921,0.286314,0.36309,0.12522,0.117208,0.0692291,0.0149141,-0.0264526,0.286407458,,,,,,,,
Mozambique,Tete,0.362472,286,1922,0.286912,0.428202,0.113165,0.191192,0.0873101,0.0542549,0.006092,0.288458976,,,,,,,,
Mozambique,Zambezia,0.456847,287,1923,0.287087,0.372108,0.147167,0.147946,0.0920743,0.0431268,0.0078508,0.287158104,,,,,,,,
Mauritania,Adrar,0,288,1924,0.28416,-0.056532,-0.127622,0.0016942,0.171119,0.0867618,0.0199575,0.28416,,,,,,,,
Mauritania,Assaba,0.062457,289,1925,0.285442,-0.297928,-0.280463,0.0268909,0.260992,0.0872297,-0.0649223,0.285519902,,,,,,,,
Mauritania,Brakna,0.01767,290,1926,0.284442,-0.219561,-0.296037,-0.0144542,0.300571,0.163631,-0.033101,0.287178265,,,,,,,,
Mauritania,Dakhlet Nouadhibou,0.000859,291,1927,0.287463,-0.0213382,-0.235431,-0.0846786,0.208008,0.191153,0.0670858,0.288061103,,,,,,,,
Mauritania,Gorgol,0.022737,292,1928,0.286402,-0.325473,-0.295866,0.029439,0.286352,0.120139,-0.0704108,0.290836641,,,,,,,,
Mauritania,Guidimaka,0.099596,293,1929,0.286474,-0.337122,-0.280047,0.054289,0.258376,0.0646464,-0.0740335,0.286631175,,,,,,,,
Mauritania,Hodh ech Chargui,0.307182,294,1930,0.285179,-0.176815,-0.177636,0.0383194,0.232464,0.0750528,-0.0608721,0.285179,,,,,,,,
Mauritania,Hodh el Gharbi,0.216312,295,1931,0.285725,-0.285061,-0.27915,0.0104514,0.255519,0.0909933,-0.0675592,0.285725,,,,,,,,
Mauritania,Inchiri,0.001827,296,1932,0.284819,-0.071273,-0.260013,-0.0707237,0.215529,0.134495,0.0570561,0.284819,,,,,,,,
Mauritania,Nouakchott,0.05679,297,1933,0.283991,-0.184421,-0.331705,-0.0740873,0.308288,0.203822,-0.0312139,0.289179459,,,,,,,,
Mauritania,Tagant,0.048722,298,1934,0.284306,-0.182165,-0.231774,-0.0091544,0.252196,0.128809,-0.0595445,0.284306,,,,,,,,
Mauritania,Tiris Zemmour,0,299,1935,0.286535,-0.0180645,-0.126736,-0.0355013,0.0859406,0.0495511,0.103687,0.286535,,,,,,,,
Mauritania,Trarza,0.022783,300,1936,0.283303,-0.176548,-0.304637,-0.0358204,0.300016,0.18321,-0.0259104,0.285618823,,,,,,,,
Malawi,Balaka,0.560341,301,1953,0.28699,0.427875,0.122715,0.178133,0.118347,0.0534463,0.0190431,0.289398608,,,,,,,,
Malawi,Blantyre,0.358525,302,1954,0.287253,0.41472,0.114888,0.173583,0.085628,0.0490498,0.0108294,0.28747946,,,,,,,,
Malawi,Chikwawa,0.425867,303,1955,0.28798,0.424942,0.119472,0.20279,0.0849494,0.0765999,0.0216052,0.289226961,,,,,,,,
Malawi,Chiradzulu,0.377003,304,1956,0.287225,0.412225,0.114638,0.172312,0.0734533,0.0429634,0.0007758,0.287848217,,,,,,,,
Malawi,Chitipa,0.12214,305,1957,0.284688,0.380337,0.18194,0.112472,0.106793,0.03781,-0.0231682,0.289842737,,,,,,,,
Malawi,Dedza,0.400175,306,1958,0.285977,0.429535,0.149632,0.174305,0.13432,0.0307855,0.0250637,0.288445572,,,,,,,,
Malawi,Dowa,0.326765,307,1959,0.285326,0.440524,0.1454,0.206261,0.132709,0.0607151,0.0222066,0.290331688,,,,,,,,
Malawi,Karonga,0.244604,308,1960,0.284608,0.385527,0.192137,0.110133,0.123681,0.0352151,-0.0287685,0.29255477,,,,,,,,
Malawi,Kasungu,0.278353,309,1961,0.284893,0.427251,0.142384,0.18312,0.120455,0.0432029,-0.000669,0.290718141,,,,,,,,
Malawi,Lilongwe,0.301304,310,1962,0.285556,0.427562,0.137966,0.176236,0.113781,0.0340215,0.0059039,0.289461216,,,,,,,,
Malawi,Machinga,0.498719,311,1963,0.286904,0.43001,0.126718,0.177762,0.104962,0.0453655,0.0043141,0.290176515,,,,,,,,
Malawi,Mangochi,0.530392,312,1964,0.286594,0.431877,0.135602,0.183916,0.128114,0.0486508,0.0259525,0.288547646,,,,,,,,
Malawi,Mchinji,0.274552,313,1965,0.285604,0.426153,0.123492,0.175443,0.09161,0.0312089,-0.0117438,0.29060404,,,,,,,,
Malawi,Mulanje,0.44383,314,1966,0.287876,0.394227,0.0985258,0.168158,0.0803106,0.0267474,-0.0049072,0.287876,,,,,,,,
Malawi,Mwanza,0.587964,315,1967,0.287648,0.416275,0.115591,0.166799,0.077519,0.050548,-0.0031736,0.289205482,,,,,,,,
Malawi,Mzimba,0.201342,316,1968,0.285049,0.393239,0.153719,0.130938,0.112882,0.0279567,-0.0150301,0.288588791,,,,,,,,
Malawi,Nkhata Bay,0.385884,317,1969,0.28551,0.368364,0.173726,0.0951128,0.114576,0.0191314,-0.0279836,0.288973871,,,,,,,,
Malawi,Nkhotakota,0.542873,318,1970,0.285299,0.411658,0.183914,0.142138,0.156932,0.0265012,0.0162087,0.289866575,,,,,,,,
Malawi,Nsanje,0.333711,319,1971,0.288413,0.427427,0.11319,0.207289,0.0864717,0.0794315,0.015901,0.289832977,,,,,,,,
Malawi,Ntcheu,0.518264,320,1972,0.286907,0.433235,0.129821,0.180189,0.117215,0.0367692,0.0238732,0.288256333,,,,,,,,
Malawi,Ntchisi,0.37404,321,1973,0.285424,0.435723,0.165063,0.192317,0.154808,0.0548451,0.0334903,0.290252675,,,,,,,,
Malawi,Phalombe,0.45716,322,1974,0.287074,0.403345,0.10335,0.179237,0.0793958,0.0397272,0.004557,0.287125566,,,,,,,,
Malawi,Rumphi,0.220005,323,1975,0.284864,0.388607,0.160707,0.122728,0.109868,0.0243403,-0.0157706,0.288169926,,,,,,,,
Malawi,Salima,0.607152,324,1976,0.285826,0.438477,0.167025,0.196127,0.159953,0.0562578,0.042444,0.290003118,,,,,,,,
Malawi,Thyolo,0.370782,325,1977,0.288083,0.42326,0.12151,0.182157,0.0929606,0.0531263,0.0093759,0.289176644,,,,,,,,
Malawi,Zomba,0.438837,326,1978,0.287178,0.421309,0.117962,0.179281,0.0943795,0.0413885,0.0037505,0.288507165,,,,,,,,
Namibia,Caprivi,0.056117,327,1992,0.28634,0.407355,0.103897,0.13994,0.069144,-0.0056354,-0.0081319,0.288876649,,,,,,,,
Namibia,Erongo,0.000726,328,1993,0.284234,0.328953,0.206751,-0.0133833,0.172588,-0.113229,0.0762896,0.288784869,,,,,,,,
Namibia,Hardap,0,329,1994,0.285981,0.304884,0.185801,-0.0177959,0.147987,-0.104527,0.0712599,0.288557558,,,,,,,,
Namibia,Karas,0,330,1995,0.286714,0.166324,0.172145,-0.0765914,0.082766,-0.052124,0.0279533,0.286714,,,,,,,,
Namibia,Kavango,0.138568,331,1996,0.285124,0.401695,0.114824,0.126712,0.106987,-0.0103738,0.0486606,0.286328957,,,,,,,,
Namibia,Khomas,0.000192,332,1997,0.284589,0.321495,0.182261,-0.0072422,0.15487,-0.106791,0.0790305,0.288269432,,,,,,,,
Namibia,Kunene,0.123054,333,1998,0.283896,0.365791,0.198073,0.0295955,0.187371,-0.114909,0.0863572,0.2925516,,,,,,,,
Namibia,Ohangwena,0.213555,334,1999,0.284554,0.400734,0.105106,0.111562,0.104703,-0.034959,0.0610023,0.288415008,,,,,,,,
Namibia,Omaheke,0.041457,335,2000,0.284335,0.341746,0.110606,0.0373466,0.0928527,-0.0628588,0.0460081,0.285648009,,,,,,,,
Namibia,Omusati,0.236405,336,2001,0.28396,0.381969,0.140507,0.0802876,0.139659,-0.0602639,0.0918563,0.289383169,,,,,,,,
Namibia,Oshana,0.148876,337,2002,0.284545,0.38033,0.129062,0.0888212,0.131653,-0.0533638,0.105047,0.290145429,,,,,,,,
Namibia,Oshikoto,0.137328,338,2003,0.284573,0.388905,0.107771,0.0934255,0.113564,-0.0450434,0.0784376,0.288791837,,,,,,,,
Namibia,Otjozondjupa,0.062806,339,2004,0.284189,0.366602,0.126887,0.0692686,0.115943,-0.045428,0.0590759,0.286023164,,,,,,,,
Niger,Agadez,0.130168,340,2008,0.285419,-0.125491,-0.0920149,0.0602697,0.163943,0.084665,0.0127374,0.285419,,,,,,,,
Niger,Diffa,0.305654,341,2009,0.284981,-0.335552,-0.26524,0.088656,0.329879,0.117916,-0.180974,0.294534385,,,,,,,,
Niger,Dosso,0.311277,342,2010,0.285511,-0.396394,-0.196614,0.0969012,0.202779,0.0573375,-0.0777193,0.290591242,,,,,,,,
Niger,Maradi,0.333294,343,2011,0.28577,-0.396814,-0.237858,0.0962674,0.252387,0.0656472,-0.114734,0.29225352,,,,,,,,
Niger,Niamey,0.245045,344,2012,0.285973,-0.408581,-0.208793,0.126097,0.212729,0.0359471,-0.0817182,0.290138852,,,,,,,,
Niger,Tahoua,0.259784,345,2013,0.285498,-0.38444,-0.243936,0.0895565,0.263411,0.0814646,-0.109342,0.292150301,,,,,,,,
Niger,Tillabéry,0.289364,346,2014,0.285434,-0.401308,-0.203358,0.114486,0.210522,0.0459559,-0.0885424,0.289941767,,,,,,,,
Niger,Zinder,0.349479,347,2015,0.286405,-0.396242,-0.247723,0.100225,0.282378,0.0743858,-0.153282,0.294994969,,,,,,,,
Nigeria,Abia,0.583883,348,2016,0.285222,-0.192747,-0.0753733,-0.0999744,-0.0036872,0.0456712,0.043108,0.285222,,,,,,,,
Nigeria,Adamawa,0.505316,349,2017,0.285809,-0.306466,-0.137178,-0.0473668,0.0569742,0.0911563,0.0255138,0.287194175,,,,,,,,
Nigeria,Akwa Ibom,0.578228,350,2018,0.285337,-0.184814,-0.0965522,-0.0918663,0.0172507,0.045011,0.0192332,0.285337,,,,,,,,
Nigeria,Anambra,0.418302,351,2019,0.285408,-0.213192,-0.0704967,-0.0994929,0.0006167,0.0451092,0.0394242,0.285408,,,,,,,,
Nigeria,Bauchi,0.556302,352,2020,0.285691,-0.335643,-0.142141,-0.0040571,0.110344,0.10112,-0.0201715,0.288521722,,,,,,,,
Nigeria,Bayelsa,0.296233,353,2021,0.285563,-0.190369,-0.0845235,-0.0923771,-0.013311,0.0267029,0.0362514,0.285563,,,,,,,,
Nigeria,Benue,0.609908,354,2022,0.286325,-0.225816,-0.101347,-0.105682,-0.0054271,0.044995,0.0631728,0.286656943,,,,,,,,
Nigeria,Borno,0.421363,355,2023,0.28556,-0.373767,-0.192108,0.0606803,0.17503,0.0585122,-0.0635934,0.288149253,,,,,,,,
Nigeria,Cross River,0.604362,356,2024,0.285823,-0.181621,-0.0718155,-0.116254,-0.026541,0.0304828,0.0494405,0.285823,,,,,,,,
Nigeria,Delta,0.299453,357,2025,0.285276,-0.199195,-0.0604905,-0.0906287,-0.0299401,0.0214913,0.0469299,0.285276,,,,,,,,
Nigeria,Ebonyi,0.575417,358,2026,0.285826,-0.200593,-0.0798458,-0.110707,-0.0121115,0.044987,0.0635482,0.285826,,,,,,,,
Nigeria,Edo,0.373471,359,2027,0.285303,-0.191512,-0.0395709,-0.0988813,-0.009738,0.0209808,0.0387002,0.285303,,,,,,,,
Nigeria,Ekiti,0.43471,360,2028,0.285284,-0.177346,-0.0436845,-0.105113,0.006016,0.0029882,0.0197833,0.285284,,,,,,,,
Nigeria,Enugu,0.442621,361,2029,0.285479,-0.215417,-0.0732814,-0.10394,-0.0025899,0.0529052,0.0425439,0.285479,,,,,,,,
Nigeria,Federal Capital Territory,0.521708,362,2030,0.285643,-0.267156,-0.115246,-0.0920933,0.026891,0.090211,0.0472573,0.286054243,,,,,,,,
Nigeria,Gombe,0.557481,363,2031,0.285505,-0.320423,-0.15912,-0.0383235,0.0995778,0.111804,0.0030253,0.28890117,,,,,,,,
Nigeria,Imo,0.576436,364,2032,0.285191,-0.192651,-0.0691666,-0.101426,-0.0018684,0.0465295,0.0420173,0.285191,,,,,,,,
Nigeria,Jigawa,0.481773,365,2033,0.285717,-0.388337,-0.18873,0.0869018,0.191572,0.0621968,-0.0763529,0.29021557,,,,,,,,
Nigeria,Kaduna,0.504212,366,2034,0.285659,-0.312514,-0.129078,-0.0450806,0.0586075,0.0992428,0.0311671,0.288006253,,,,,,,,
Nigeria,Kano,0.45872,367,2035,0.285708,-0.378069,-0.155253,0.0603938,0.142814,0.073544,-0.0424491,0.290291344,,,,,,,,
Nigeria,Katsina,0.421604,368,2036,0.28549,-0.374665,-0.170889,0.0536965,0.145757,0.0703267,-0.0294271,0.289787233,,,,,,,,
Nigeria,Kebbi,0.423014,369,2037,0.284806,-0.356533,-0.175797,0.0203054,0.14449,0.0903938,-0.0219841,0.289431022,,,,,,,,
Nigeria,Kogi,0.474531,370,2038,0.285942,-0.240099,-0.0781976,-0.0856297,0.0211453,0.0567094,0.0269388,0.285942,,,,,,,,
Nigeria,Kwara,0.489523,371,2039,0.285554,-0.260957,-0.0784137,-0.0664809,0.0251008,0.0521303,0.0305245,0.285575277,,,,,,,,
Nigeria,Lagos,0.25938,372,2040,0.285917,-0.246413,0.00402,-0.0236764,-0.0992753,-0.0274749,0.102221,0.286918104,,,,,,,,
Nigeria,Nassarawa,0.585835,373,2041,0.286237,-0.26546,-0.104487,-0.0914667,0.0277779,0.0937431,0.0383244,0.286307547,,,,,,,,
Nigeria,Niger,0.518247,374,2042,0.28552,-0.30463,-0.142102,-0.050449,0.0774719,0.0955081,0.0289971,0.287225009,,,,,,,,
Nigeria,Ogun,0.392316,375,2043,0.285778,-0.212536,-0.0174909,-0.06713,-0.0694846,-0.0230651,0.0873668,0.287002188,,,,,,,,
Nigeria,Ondo,0.41439,376,2044,0.285247,-0.192149,-0.0222933,-0.089166,-0.0286574,0.0004614,0.0462131,0.285247,,,,,,,,
Nigeria,Osun,0.421331,377,2045,0.285675,-0.173545,-0.0445173,-0.118615,-0.0276537,0.0064621,0.0544717,0.285744378,,,,,,,,
Nigeria,Oyo,0.46327,378,2046,0.285525,-0.220157,-0.0570819,-0.0891272,-0.013383,0.024399,0.0651956,0.286045867,,,,,,,,
Nigeria,Plateau,0.553518,379,2047,0.286088,-0.279661,-0.0973067,-0.0820261,0.0283557,0.107899,0.0383567,0.286549779,,,,,,,,
Nigeria,Rivers,0.410845,380,2048,0.285681,-0.17911,-0.0821083,-0.0884613,0.0043961,0.0342301,0.0320496,0.285681,,,,,,,,
Nigeria,Sokoto,0.314332,381,2049,0.28546,-0.3812,-0.20148,0.0591986,0.19473,0.0850123,-0.0610024,0.291974208,,,,,,,,
Nigeria,Taraba,0.617638,382,2050,0.285971,-0.260042,-0.122569,-0.0863821,0.0215696,0.0673154,0.0419868,0.285993251,,,,,,,,
Nigeria,Water body,0.311716,383,2051,0.284547,-0.389047,-0.202004,0.0774538,0.229191,0.0835716,-0.134675,0.293635127,,,,,,,,
Nigeria,Yobe,0.481335,384,2052,0.285162,-0.374425,-0.206272,0.0552327,0.198428,0.0793081,-0.0717044,0.28998031,,,,,,,,
Nigeria,Zamfara,0.410398,385,2053,0.285274,-0.3515,-0.17459,0.0094617,0.129037,0.0932847,-0.0029427,0.290331507,,,,,,,,
Rwanda,Butare,0.075785,386,2599,0.285627,0.197542,0.113791,-0.0809283,0.0191236,0.0067854,-0.0096214,0.285653573,,,,,,,,
Rwanda,Byumba,0.036976,387,2600,0.285223,0.12841,0.09641,-0.133187,-0.0055075,0.0052027,-0.0347814,0.285223,,,,,,,,
Rwanda,Cyangugu,0.01173,388,2601,0.285793,0.177833,0.0542636,-0.0839012,-0.0150411,0.0122359,-0.0088295,0.285793,,,,,,,,
Rwanda,Gikongoro,0.013148,389,2602,0.285892,0.191001,0.088729,-0.0810769,0.0019293,0.0069739,-0.0070656,0.285892,,,,,,,,
Rwanda,Gisenyi,0.003219,390,2603,0.285506,0.140875,0.0741787,-0.0969285,-0.0043608,0.0108188,-0.0048561,0.285506,,,,,,,,
Rwanda,Gitarama,0.030717,391,2604,0.285439,0.170341,0.110268,-0.111064,0.0115356,-0.0101276,-0.0157726,0.285439,,,,,,,,
Rwanda,Kibungu,0.06579,392,2605,0.284789,0.152281,0.130744,-0.124285,-0.0249762,0.0021849,-0.0524977,0.284789,,,,,,,,
Rwanda,Kibuye,0.005289,393,2606,0.28619,0.165849,0.0737001,-0.100155,-0.0004397,0.0075995,0.0104805,0.28619,,,,,,,,
Rwanda,Kigali,0.040788,394,2607,0.284837,0.157804,0.11545,-0.120499,-0.0183841,-0.0073865,-0.0399277,0.284837,,,,,,,,
Rwanda,Ruhengeri,0.001808,395,2608,0.285183,0.106993,0.0749238,-0.122644,-0.0111841,0.0249288,-0.0096322,0.285183,,,,,,,,
Sudan,Bahr el Ghazal,0.197687,396,2622,0.285078,-0.270873,-0.113542,-0.0309087,0.0034015,0.0184167,0.0394956,0.285078,,,,,,,,
Sudan,Blue Nile,0.079788,397,2623,0.285178,-0.367056,-0.240301,0.0666756,0.196292,0.0196917,-0.0662826,0.286522545,,,,,,,,
Sudan,Darfur,0.17847,398,2624,0.285543,-0.273024,-0.176486,0.0807451,0.222047,0.0748999,-0.0932879,0.285839367,,,,,,,,
Sudan,Equatoria,0.260942,399,2625,0.284503,-0.155806,-0.00685,-0.0856917,-0.0726919,0.0228378,-0.0115986,0.284503,,,,,,,,
Sudan,Kassala,0.070278,400,2626,0.284094,-0.25405,-0.188897,-0.049948,0.156177,0.162918,-0.0837745,0.286918107,,,,,,,,
Sudan,Khartoum,0.023564,401,2627,0.285686,-0.378319,-0.297626,0.0429465,0.319576,0.115662,-0.160665,0.29665657,,,,,,,,
Sudan,Kordofan,0.126709,402,2628,0.28544,-0.359718,-0.25228,0.0535486,0.227884,0.052758,-0.0703807,0.286037928,,,,,,,,
Sudan,Northern,0.024426,403,2629,0.286569,-0.166444,-0.0069183,-0.0313049,0.146386,0.160863,-0.0608579,0.290708056,,,,,,,,
Sudan,Upper Nile,0.127134,404,2630,0.284947,-0.233638,-0.145193,-0.0436111,0.0099169,0.0068017,0.0325134,0.284947,,,,,,,,
Senegal,Dakar,0.019636,405,2631,0.284967,-0.292727,-0.384682,-0.0704353,0.355325,0.216151,-0.0923371,0.302639167,,,,,,,,
Senegal,Diourbel,0.063498,406,2632,0.284285,-0.297368,-0.331855,-0.0074302,0.300566,0.13191,-0.0638896,0.287478517,,,,,,,,
Senegal,Fatick,0.113303,407,2633,0.284596,-0.317878,-0.331361,-0.0017527,0.293128,0.116455,-0.0617547,0.288343225,,,,,,,,
Senegal,Kaolack,0.147029,408,2634,0.284871,-0.314105,-0.319989,0.0015118,0.258613,0.0891047,-0.0359043,0.287093116,,,,,,,,
Senegal,Kolda,0.253991,409,2635,0.284994,-0.326893,-0.312142,0.0019055,0.23307,0.064678,-0.0189744,0.288010449,,,,,,,,
Senegal,Louga,0.041718,410,2636,0.284581,-0.280642,-0.327977,-0.0080036,0.300557,0.139265,-0.0624936,0.287028107,,,,,,,,
Senegal,Matam,0.143887,411,2637,0.286194,-0.322959,-0.303134,0.0251195,0.269018,0.0948103,-0.0567875,0.288068654,,,,,,,,
Senegal,Saint-Louis,0.014251,412,2638,0.284569,-0.245455,-0.321309,-0.0189375,0.30255,0.148603,-0.0433976,0.286337322,,,,,,,,
Senegal,Tambacounda,0.287366,413,2639,0.285882,-0.332491,-0.283178,0.0247565,0.214478,0.0571137,-0.0122247,0.288553682,,,,,,,,
Senegal,Thiès,0.052996,414,2640,0.284593,-0.299543,-0.355322,-0.0319014,0.326576,0.166617,-0.0795102,0.292577534,,,,,,,,
Senegal,Ziguinchor,0.08112,415,2641,0.285088,-0.339068,-0.331362,0.0057123,0.276386,0.0699682,-0.0585296,0.286834677,,,,,,,,
Sierra Leone,Eastern,0.490787,416,2655,0.285217,-0.195053,-0.137627,-0.0568421,-0.0142799,-0.0060143,0.0188695,0.285217,,,,,,,,
Sierra Leone,Northern,0.382461,417,2656,0.285623,-0.269296,-0.208495,-0.0183511,0.0765654,0.0191288,0.0063478,0.285623,,,,,,,,
Sierra Leone,Southern,0.471146,418,2657,0.285428,-0.255731,-0.198823,-0.0062385,0.0693019,0.029546,-0.0063356,0.285428,,,,,,,,
Sierra Leone,Western,0.306161,419,2658,0.286488,-0.32928,-0.256779,0.0327219,0.178239,0.0818133,-0.0399768,0.290523919,,,,,,,,
Somalia,Awdal,0.024045,420,2682,0.283604,-0.174805,0.0177309,-0.15808,-0.0195399,0.169647,-0.11098,0.288135465,,,,,,,,
Somalia,Bakool,0.038373,421,2683,0.283841,-0.0148375,0.0668674,-0.290648,-0.283423,0.0602698,-0.0109871,0.304886435,,,,,,,,
Somalia,Banaadir,0.037411,422,2684,0.283492,0.0919365,-0.0203799,-0.239098,-0.379803,-0.0195658,-0.168224,0.314918707,,,,,,,,
Somalia,Bari,0.036768,423,2685,0.286363,-0.107333,-0.0965394,-0.0752579,-0.198259,0.0604366,-0.0012485,0.294845854,,,,,,,,
Somalia,Bay,0.039821,424,2686,0.285033,0.0602324,0.0039223,-0.268591,-0.330051,-0.0348737,-0.0902471,0.309983828,,,,,,,,
Somalia,Galguduud,0.051365,425,2687,0.286127,0.0039972,-0.0038742,-0.183473,-0.332548,0.0106395,-0.0060552,0.300371915,,,,,,,,
Somalia,Gedo,0.023632,426,2688,0.285184,0.0547525,0.0680098,-0.271343,-0.314219,-0.0166202,-0.139332,0.307860868,,,,,,,,
Somalia,Hiiraan,0.093126,427,2689,0.284899,-0.0043398,0.0167521,-0.282087,-0.322365,0.0022519,-0.0176682,0.31028406,,,,,,,,
Somalia,Jubbada Dhexe,0.092503,428,2690,0.285052,0.0461169,0.0200985,-0.221974,-0.349672,-0.0253855,-0.123064,0.307238031,,,,,,,,
Somalia,Jubbada Hoose,0.064636,429,2691,0.286438,0.0541576,-0.0040102,-0.162348,-0.349978,-0.0283677,-0.0983945,0.302283155,,,,,,,,
Somalia,Mudug,0.018404,430,2692,0.286457,-0.029765,-0.0049588,-0.110561,-0.318626,0.0202225,-0.0101347,0.293782308,,,,,,,,
Somalia,Nugaal,0.017891,431,2693,0.28672,-0.083154,-0.0331107,-0.0988683,-0.281865,0.0466834,0.0021706,0.296559105,,,,,,,,
Somalia,Sanaag,0.016262,432,2694,0.284146,-0.16344,-0.0762881,-0.138783,-0.131137,0.0871276,0.0296738,0.288977677,,,,,,,,
Somalia,Shabeellaha Dhexe,0.096025,433,2695,0.286053,0.0590366,-0.0178235,-0.273242,-0.356261,-0.0269367,-0.0855248,0.316325505,,,,,,,,
Somalia,Shabeellaha Hoose,0.048416,434,2696,0.285142,0.0712058,-0.0269525,-0.246187,-0.362928,-0.0390388,-0.105803,0.313050744,,,,,,,,
Somalia,Sool,0.018022,435,2697,0.286037,-0.108953,-0.126837,-0.167927,-0.176682,0.0274781,0.0586628,0.290472927,,,,,,,,
Somalia,Togdheer,0.028859,436,2698,0.2861,-0.127624,-0.0595147,-0.184647,-0.164489,0.0739312,0.0239392,0.29155131,,,,,,,,
Somalia,Woqooyi Galbeed,0.020673,437,2699,0.284881,-0.183595,-0.0272958,-0.161843,-0.0691793,0.126856,-0.0280674,0.28919942,,,,,,,,
Swaziland,Hhohho,0.008566,438,2780,0.284411,0.302921,0.038226,0.0543047,-0.0072721,-0.0304844,-0.0204462,0.284411,,,,,,,,
Swaziland,Lubombo,0.007216,439,2781,0.284591,0.285336,0.0433123,0.0356745,-0.0128284,-0.0303515,-0.0261415,0.284591,,,,,,,,
Swaziland,Manzini,0,440,2782,0.284745,0.294053,0.0265531,0.0445694,-0.015406,-0.0349041,-0.0220581,0.284745,,,,,,,,
Swaziland,Shiselweni,0.000888,441,2783,0.284759,0.296874,0.0084598,0.0352175,-0.0012731,-0.0488097,-0.0041401,0.284759,,,,,,,,
Chad,Batha,0.243967,442,2798,0.285166,-0.396108,-0.279571,0.0976854,0.329032,0.0835534,-0.191297,0.298338054,,,,,,,,
Chad,Bet,0.025758,443,2799,0.285163,-0.184115,-0.0979504,0.0519147,0.177383,0.0917844,-0.0782786,0.285163,,,,,,,,
Chad,Chari-Baguirmi,0.274812,444,2800,0.285943,-0.362239,-0.213165,0.0374459,0.175393,0.0703883,-0.0331516,0.289071947,,,,,,,,
Chad,Guéra,0.290849,445,2801,0.285622,-0.367205,-0.206088,0.0535801,0.166031,0.0514518,-0.0325658,0.287474726,,,,,,,,
Chad,Hadjer-Lamis,0.240366,446,2802,0.285571,-0.384906,-0.230398,0.0812042,0.226088,0.0567804,-0.0961438,0.289305191,,,,,,,,
Chad,Kanem,0.184047,447,2803,0.284975,-0.396955,-0.27602,0.0933351,0.332036,0.09814,-0.205402,0.300883893,,,,,,,,
Chad,Lac,0.228949,448,2804,0.285041,-0.39929,-0.251062,0.101298,0.273185,0.0584028,-0.131685,0.291470837,,,,,,,,
Chad,Logone Occidental,0.369573,449,2805,0.284685,-0.325561,-0.175716,-0.0038674,0.0906073,0.0591021,0.0294622,0.286292686,,,,,,,,
Chad,Logone Oriental,0.426291,450,2806,0.284971,-0.311755,-0.160808,-0.0118918,0.0793627,0.0472478,0.0202467,0.285251846,,,,,,,,
Chad,Mandoul,0.369345,451,2807,0.285063,-0.313814,-0.164056,-0.0131854,0.0828218,0.0461808,0.0220083,0.28575056,,,,,,,,
Chad,Mayo-Kebbi Est,0.325069,452,2808,0.285688,-0.36073,-0.17493,0.0399531,0.1234,0.0652639,-0.0001292,0.289160987,,,,,,,,
Chad,Mayo-Kebbi Ouest,0.379981,453,2809,0.285686,-0.33525,-0.163975,0.0100471,0.0802592,0.0536297,0.0268861,0.28726282,,,,,,,,
Chad,Moyen-Chari,0.342959,454,2810,0.285215,-0.326649,-0.174585,0.0017662,0.0943683,0.0484174,0.0208753,0.286091571,,,,,,,,
Chad,Ouaddaï,0.193659,455,2811,0.284998,-0.385598,-0.239903,0.0831445,0.235622,0.0425683,-0.0856547,0.287145543,,,,,,,,
Chad,Salamat,0.298037,456,2812,0.285013,-0.359939,-0.181111,0.0508933,0.130774,0.0301481,-0.0144632,0.285585376,,,,,,,,
Chad,Tandjilé,0.308286,457,2813,0.285045,-0.343213,-0.163314,0.014753,0.102139,0.0701002,0.0086192,0.287379939,,,,,,,,
Chad,Ville de N'Djamena,0.185405,458,2814,0.285919,-0.373671,-0.232261,0.0660833,0.208712,0.0504854,-0.0733944,0.287794895,,,,,,,,
Chad,Wadi Fira,0.120698,459,2815,0.285215,-0.403131,-0.292715,0.108185,0.37151,0.106364,-0.242204,0.310534791,,,,,,,,
Togo,Centre,0.578616,460,2816,0.285509,-0.25737,-0.0656004,-0.0517325,0.0439415,0.0525925,-0.0040856,0.285509,,,,,,,,
Togo,Kara,0.604991,461,2817,0.285256,-0.266396,-0.142264,-0.0588489,0.0690582,0.0572214,0.0269471,0.285264733,,,,,,,,
Togo,Maritime,0.374116,462,2818,0.285588,-0.176456,0.0417318,-0.0890132,-0.111829,-0.0267821,0.0947318,0.286049478,,,,,,,,
Togo,Plateaux,0.475379,463,2819,0.285747,-0.204413,-0.0065333,-0.06769,-0.0230114,0.0118025,0.0265519,0.285747,,,,,,,,
Togo,Savanes,0.682219,464,2820,0.285604,-0.314108,-0.139644,-0.0259025,0.0933942,0.0729639,-0.0037968,0.285847215,,,,,,,,
Tanzania,Arusha,0.00971,465,3052,0.285724,0.223899,0.215545,-0.0580594,-0.0202669,0.0218673,-0.103706,0.286704117,,,,,,,,
Tanzania,Dar-Es-Salaam,0.04374,466,3053,0.28698,0.0734063,0.23467,-0.170366,-0.0827963,0.0060753,-0.144602,0.28698,,,,,,,,
Tanzania,Dodoma,0.104711,467,3054,0.286035,0.36031,0.20255,0.0773085,0.109793,0.031791,-0.0364614,0.291798665,,,,,,,,
Tanzania,Iringa,0.083149,468,3055,0.285248,0.361451,0.215132,0.0801821,0.128554,0.0249241,-0.0301383,0.291562552,,,,,,,,
Tanzania,Kagera,0.286639,469,3056,0.284608,0.147672,0.126995,-0.100024,-0.0324446,0.0208702,-0.0560998,0.284608,,,,,,,,
Tanzania,Kaskazini-Pemba,0.040941,470,3057,0.286776,-0.0001593,0.206927,-0.164715,-0.268841,0.0847153,-0.072099,0.292058145,,,,,,,,
Tanzania,Kaskazini-Unguja,0.024416,471,3058,0.286782,0.0678726,0.213869,-0.160015,-0.144916,0.0453433,-0.165806,0.286782,,,,,,,,
Tanzania,Kigoma,0.337451,472,3059,0.284835,0.285037,0.128933,-0.0210636,-0.0063403,-0.0196298,-0.0667923,0.285128456,,,,,,,,
Tanzania,Kilimanjaro,0.006514,473,3060,0.286745,0.22596,0.156197,-0.0554565,-0.0508203,-0.0215243,-0.127961,0.287074704,,,,,,,,
Tanzania,Kusini-Pemba,0.023957,474,3061,0.285965,0.0674948,0.204614,-0.145808,-0.220473,0.0858,-0.13921,0.287920265,,,,,,,,
Tanzania,Lindi,0.4991,475,3062,0.285654,0.305058,0.2377,0.0018773,0.0949633,-0.0065043,-0.0527614,0.288413155,,,,,,,,
Tanzania,Manyara,0.038482,476,3063,0.286116,0.296607,0.212235,-0.0099673,0.0610507,-0.0151381,-0.0803129,0.289288981,,,,,,,,
Tanzania,Mara,0.214773,477,3064,0.285483,0.126391,0.0982813,-0.0925776,-0.0941174,0.054977,-0.0723718,0.285483,,,,,,,,
Tanzania,Mbeya,0.101916,478,3065,0.284872,0.370468,0.174337,0.0867237,0.086227,0.0262117,-0.0505956,0.291340428,,,,,,,,
Tanzania,Morogoro,0.228828,479,3066,0.286625,0.287719,0.236286,-0.016494,0.0773197,0.000279,-0.0660107,0.289057488,,,,,,,,
Tanzania,Mtwara,0.476313,480,3067,0.285207,0.339656,0.225805,0.045927,0.134281,-0.009438,-0.0175909,0.287035713,,,,,,,,
Tanzania,Mwanza,0.29718,481,3068,0.285194,0.192968,0.115487,-0.0779864,-0.0739891,0.0283013,-0.0841868,0.285796094,,,,,,,,
Tanzania,Pwani,0.241509,482,3069,0.287277,0.172605,0.240645,-0.126224,-0.0394032,-0.0098172,-0.131454,0.287438491,,,,,,,,
Tanzania,Rukwa,0.270349,483,3070,0.285058,0.339345,0.133468,0.0432463,0.0216833,-0.0007516,-0.0736383,0.287914794,,,,,,,,
Tanzania,Ruvuma,0.330543,484,3071,0.285352,0.385085,0.207366,0.117709,0.147877,0.0283584,-0.0008596,0.290482047,,,,,,,,
Tanzania,Shinyanga,0.274484,485,3072,0.285287,0.252217,0.148638,-0.0213297,-0.0357182,0.0250176,-0.0848509,0.285933982,,,,,,,,
Tanzania,Singida,0.067672,486,3073,0.285268,0.36397,0.184929,0.0840576,0.0838607,0.0320844,-0.0537561,0.292142802,,,,,,,,
Tanzania,Tabora,0.228194,487,3074,0.285261,0.330209,0.157155,0.0503614,0.0248634,0.0237364,-0.0777349,0.288663846,,,,,,,,
Tanzania,Tanga,0.100529,488,3075,0.28605,0.20636,0.173743,-0.0740318,-0.0730962,-0.0009293,-0.116019,0.28605,,,,,,,,
Tanzania,Zanzibar South and Central,0.016343,489,3076,0.286992,0.0826956,0.192819,-0.151146,-0.161639,0.0167835,-0.203802,0.287035655,,,,,,,,
Tanzania,Zanzibar West,0.009085,490,3077,0.286992,0.0826956,0.192819,-0.151146,-0.161639,0.0167835,-0.203802,0.287035655,,,,,,,,
Uganda,Adjumani,0.498657,491,3078,0.284779,-0.0918868,-0.0131911,-0.123035,-0.0673451,0.0134029,-0.0464726,0.284779,,,,,,,,
Uganda,Apac,0.403749,492,3079,0.284829,-0.0691253,-0.0031808,-0.113971,-0.0388713,0.0254806,-0.0577711,0.284829,,,,,,,,
Uganda,Arua,0.429134,493,3080,0.284754,-0.0929888,-0.0234218,-0.122882,-0.0427474,0.0039595,-0.0450782,0.284754,,,,,,,,
Uganda,Bugiri,0.563974,494,3081,0.285038,0.0207912,0.0442415,-0.112482,-0.0803197,0.0363706,-0.0441434,0.285038,,,,,,,,
Uganda,Bundibugyo,0.467368,495,3082,0.284746,-0.0200208,0.0146765,-0.12333,-0.0295547,0.0134559,-0.0258079,0.284746,,,,,,,,
Uganda,Bushenyi,0.318156,496,3083,0.285127,0.0464779,0.011051,-0.141185,-0.022535,0.0175533,-0.0223762,0.285127,,,,,,,,
Uganda,Busia,0.559347,497,3084,0.285101,0.0084672,0.0330978,-0.112117,-0.0943727,0.0365105,-0.0420398,0.285101,,,,,,,,
Uganda,Gulu,0.419495,498,3085,0.284977,-0.0808606,-0.014072,-0.116395,-0.0582192,0.0220568,-0.0548935,0.284977,,,,,,,,
Uganda,Hoima,0.559878,499,3086,0.284756,-0.0202748,-0.0015448,-0.132635,-0.0333157,-0.0022162,-0.0375319,0.284756,,,,,,,,
Uganda,Iganga,0.603956,500,3087,0.285023,-0.0022325,0.0458556,-0.0997493,-0.0568407,0.0443991,-0.0468663,0.285023,,,,,,,,
Uganda,Jinja,0.566599,501,3088,0.284733,0.0397955,0.0353106,-0.0896787,-0.0417705,0.0303469,-0.0413874,0.284733,,,,,,,,
Uganda,Kabale,0.015455,502,3089,0.285391,0.0929384,0.0571543,-0.136464,0.0047992,0.022871,-0.0076026,0.285391,,,,,,,,
Uganda,Kabarole,0.409528,503,3090,0.284893,-0.0041333,0.0074567,-0.135562,-0.0271353,0.0208153,-0.0208637,0.284893,,,,,,,,
Uganda,Kaberamaido,0.393521,504,3091,0.284526,-0.0372253,0.0082464,-0.124321,-0.0507201,0.0298189,-0.0570807,0.284526,,,,,,,,
Uganda,Kalangala,0.116366,505,3092,0.284799,0.0868643,0.0915577,-0.0614193,-0.0666222,0.0322276,-0.0542408,0.284799,,,,,,,,
Uganda,Kampala,0.327438,506,3093,0.284579,0.0824512,0.0537582,-0.0793877,-0.0396992,0.0236797,-0.0419822,0.284579,,,,,,,,
Uganda,Kamuli,0.575362,507,3094,0.284771,-0.0064847,0.0512471,-0.117998,-0.0552721,0.0351162,-0.0488314,0.284771,,,,,,,,
Uganda,Kamwenge,0.454259,508,3095,0.285052,0.0241136,-0.0007769,-0.13847,-0.0115282,0.0227784,-0.0245645,0.285052,,,,,,,,
Uganda,Kanungu,0.243197,509,3096,0.285286,0.043111,-0.007637,-0.132308,-0.0300456,0.028264,-0.0013949,0.285286,,,,,,,,
Uganda,Kapchorwa,0.220855,510,3097,0.284938,-0.102574,0.0426257,-0.102874,-0.0384369,0.0663587,-0.0556876,0.284938,,,,,,,,
Uganda,Kasese,0.425176,511,3098,0.285046,0.0199141,-0.001532,-0.138937,-0.037724,0.0250037,-0.021632,0.285046,,,,,,,,
Uganda,Katakwi,0.352841,512,3099,0.284778,-0.0866483,0.007703,-0.101131,-0.0456605,0.0568696,-0.0558912,0.284778,,,,,,,,
Uganda,Kayunga,0.529502,513,3100,0.284518,0.0115483,0.0399737,-0.120881,-0.0543855,0.024192,-0.0435151,0.284518,,,,,,,,
Uganda,Kibale,0.511647,514,3101,0.284801,0.0023936,-0.0035991,-0.130249,-0.0172065,0.0053231,-0.0319007,0.284801,,,,,,,,
Uganda,Kiboga,0.507334,515,3102,0.284962,0.0120228,0.0143569,-0.129242,-0.0195637,0.0109106,-0.0336706,0.284962,,,,,,,,
Uganda,Kisoro,0.002059,516,3103,0.285446,0.0433848,0.0090631,-0.124876,-0.0297745,0.0275615,0.0117065,0.285446,,,,,,,,
Uganda,Kitgum,0.303265,517,3104,0.284847,-0.120854,0.0202691,-0.109454,-0.074336,0.0671156,-0.056495,0.284847,,,,,,,,
Uganda,Kotido,0.15802,518,3105,0.284426,-0.110958,0.0849683,-0.108269,-0.105242,0.090658,-0.0708851,0.284426,,,,,,,,
Uganda,Kumi,0.440654,519,3106,0.284899,-0.0749647,0.0477033,-0.117699,-0.0630821,0.0554358,-0.0573112,0.284899,,,,,,,,
Uganda,Kyenjojo,0.457191,520,3107,0.284857,0.0099769,-0.0033071,-0.134447,-0.0117765,0.0189213,-0.0280096,0.284857,,,,,,,,
Uganda,Lake Albert,0.61978,521,3108,0.284744,-0.0171935,0.0017458,-0.130614,-0.0359007,-0.0016676,-0.0400306,0.284744,,,,,,,,
Uganda,Lake Victoria,0.373387,522,3109,0.285158,0.0782546,0.0740279,-0.0662903,-0.0686248,0.0414671,-0.0532244,0.285158,,,,,,,,
Uganda,Lira,0.352897,523,3110,0.285011,-0.0713092,0.0069678,-0.115646,-0.0498537,0.0394659,-0.051226,0.285011,,,,,,,,
Uganda,Luwero,0.481663,524,3111,0.284706,0.015779,0.0297227,-0.125034,-0.0406646,0.0207306,-0.0337831,0.284706,,,,,,,,
Uganda,Masaka,0.590414,525,3112,0.284775,0.098948,0.0798672,-0.0806551,-0.0293802,0.0245189,-0.0512776,0.284775,,,,,,,,
Uganda,Masindi,0.495723,526,3113,0.284981,-0.0489139,-0.0071365,-0.132652,-0.0420803,0.0186447,-0.0439651,0.284981,,,,,,,,
Uganda,Mayuge,0.594603,527,3114,0.285229,0.0578067,0.042558,-0.0975229,-0.0747914,0.0358175,-0.050065,0.285229,,,,,,,,
Uganda,Mbale,0.382694,528,3115,0.285461,-0.0500743,0.0578737,-0.104815,-0.0475735,0.0568615,-0.0443958,0.285461,,,,,,,,
Uganda,Mbarara,0.409453,529,3116,0.284909,0.0727306,0.0455116,-0.138896,-0.0041373,0.030869,-0.0387165,0.284909,,,,,,,,
Uganda,Moroto,0.186648,530,3117,0.284397,-0.086013,0.0749664,-0.111678,-0.0953116,0.073889,-0.0693232,0.284397,,,,,,,,
Uganda,Moyo,0.492862,531,3118,0.285063,-0.113905,-0.0124583,-0.103172,-0.0752744,0.0260926,-0.0285005,0.285063,,,,,,,,
Uganda,Mpigi,0.493169,532,3119,0.284682,0.0861496,0.0553681,-0.0823579,-0.0424063,0.0175384,-0.0531274,0.284682,,,,,,,,
Uganda,Mubende,0.484439,533,3120,0.284813,0.0564533,0.0194509,-0.111418,-0.019882,0.0142122,-0.037938,0.284813,,,,,,,,
Uganda,Mukono,0.453446,534,3121,0.284892,0.0668484,0.054776,-0.0813605,-0.0580882,0.0306777,-0.0443884,0.284892,,,,,,,,
Uganda,Nakapiripirit,0.153127,535,3122,0.283989,-0.110233,0.0401269,-0.0964117,-0.0547376,0.0599437,-0.0590189,0.283989,,,,,,,,
Uganda,Nakasongola,0.469642,536,3123,0.284689,-0.0115637,0.0172116,-0.142776,-0.0504426,0.0232724,-0.0324326,0.284689,,,,,,,,
Uganda,Nebbi,0.451934,537,3124,0.284714,-0.0513137,-0.0283183,-0.122561,-0.0365761,0.004632,-0.0588784,0.284714,,,,,,,,
Uganda,Ntungamo,0.248734,538,3125,0.285105,0.0998757,0.0367299,-0.140383,0.0051393,0.0076738,-0.0258623,0.285105,,,,,,,,
Uganda,Pader,0.32585,539,3126,0.285459,-0.112498,0.0263606,-0.0991192,-0.069667,0.0721437,-0.0472015,0.285459,,,,,,,,
Uganda,Pallisa,0.549357,540,3127,0.285278,-0.0290613,0.0550117,-0.102058,-0.0563806,0.0532825,-0.0529464,0.285278,,,,,,,,
Uganda,Rakai,0.543514,541,3128,0.284745,0.0949836,0.102534,-0.0874164,-0.0224725,0.0409255,-0.0527068,0.284745,,,,,,,,
Uganda,Rukungiri,0.243933,542,3129,0.285107,0.0569646,0.0021969,-0.132,-0.0318375,0.0185088,-0.0196292,0.285107,,,,,,,,
Uganda,Sembabule,0.569028,543,3130,0.284716,0.0789255,0.0567189,-0.11257,-0.0119922,0.0222354,-0.0576226,0.284716,,,,,,,,
Uganda,Sironko,0.362679,544,3131,0.285109,-0.0772593,0.0604669,-0.111819,-0.0468219,0.0634196,-0.0550666,0.285109,,,,,,,,
Uganda,Soroti,0.463588,545,3132,0.284463,-0.0472402,0.0320124,-0.124689,-0.0504716,0.0428666,-0.0546182,0.284463,,,,,,,,
Uganda,Tororo,0.518906,546,3133,0.285222,-0.0128026,0.0507012,-0.102033,-0.0612663,0.0436351,-0.0457922,0.285222,,,,,,,,
Uganda,Wakiso,0.367735,547,3134,0.284704,0.0778404,0.0592001,-0.0839315,-0.0508927,0.0237414,-0.0525135,0.284704,,,,,,,,
Uganda,Yumbe,0.494466,548,3135,0.284912,-0.121974,-0.0058016,-0.122244,-0.0513901,0.0186226,-0.0334613,0.284912,,,,,,,,
South Africa,Eastern Cape,0,549,3338,0.285861,0.155414,0.0395082,-0.0223136,0.0496959,-0.01771,-0.0155087,0.285861,,,,,,,,
South Africa,Gauteng,3.10E-05,550,3339,0.284703,0.314265,0.0319372,0.0561291,-0.0028805,-0.0302509,0.0052983,0.284703,,,,,,,,
South Africa,KwaZulu-Natal,0.010067,551,3340,0.284651,0.250201,0.0005208,0.0194065,0.0126871,-0.0316275,-0.0045239,0.284651,,,,,,,,
South Africa,Limpopo,0.049568,552,3341,0.285402,0.339361,0.0303181,0.0580757,-0.013728,-0.0497147,-0.0357627,0.285573352,,,,,,,,
South Africa,Mpumalanga,0.027414,553,3342,0.284681,0.316499,0.0091395,0.044678,-0.0189876,-0.0396893,-0.016867,0.284681,,,,,,,,
South Africa,North West,0.001441,554,3343,0.284839,0.287863,0.0728842,0.0351123,0.0275836,-0.0179056,0.0309124,0.284839,,,,,,,,
South Africa,Northern Cape,0,555,3344,0.286619,0.109762,0.122402,-0.0266674,0.0220164,-0.0249535,0.0244755,0.286619,,,,,,,,
South Africa,Orange Free State,0,556,3345,0.285595,0.254619,0.050501,0.0062483,0.0211932,-0.0256306,0.0120114,0.285595,,,,,,,,
South Africa,Western Cape,0,557,3347,0.286688,-0.086938,0.0190754,0.0041272,-0.0229805,0.0151743,-0.025173,0.286688,,,,,,,,
Zambia,Central,0.147346,558,3348,0.285587,0.424089,0.093366,0.161759,0.0619793,0.011751,-0.0250614,0.290809483,,,,,,,,
Zambia,Copperbelt,0.202654,559,3349,0.285595,0.414984,0.0897052,0.141689,0.0564415,-0.0052011,-0.0245166,0.290334434,,,,,,,,
Zambia,Eastern,0.248638,560,3350,0.285451,0.405609,0.132825,0.140611,0.0890951,0.0178983,-0.0227491,0.289804764,,,,,,,,
Zambia,Luapula,0.355814,561,3351,0.285114,0.400684,0.0876107,0.119689,0.0403439,0.0042577,-0.0398985,0.288836138,,,,,,,,
Zambia,Lusaka,0.043412,562,3352,0.286072,0.427704,0.0896683,0.176885,0.0543726,0.0216405,-0.0310482,0.291748458,,,,,,,,
Zambia,Northern,0.266755,563,3353,0.284897,0.398561,0.116384,0.123752,0.072496,0.0090738,-0.0247439,0.287921006,,,,,,,,
Zambia,North-Western,0.229285,564,3354,0.285628,0.396033,0.0711069,0.104114,0.0375802,-0.0291165,-0.026748,0.289272665,,,,,,,,
Zambia,Southern,0.106299,565,3355,0.286417,0.421913,0.0824762,0.154995,0.051966,0.007207,-0.0209481,0.290242128,,,,,,,,
Zambia,Western,0.111778,566,3356,0.285884,0.406595,0.0890474,0.125165,0.0567082,-0.0162696,-0.014526,0.289299071,,,,,,,,
Zimbabwe,Bulawayo,0.018548,567,3357,0.286481,0.398297,0.046111,0.1175,-0.0006687,-0.0094202,-0.0487283,0.289459389,,,,,,,,
Zimbabwe,Harare,0.02026,568,3358,0.286453,0.396748,0.0357393,0.11299,-0.0002554,-0.0135487,-0.0451724,0.289069052,,,,,,,,
Zimbabwe,Manicaland,0.0954,569,3359,0.2864,0.371258,0.0553123,0.109416,0.0054585,-0.0061236,-0.0612027,0.287743647,,,,,,,,
Zimbabwe,Mashonaland Central,0.076806,570,3360,0.287111,0.423057,0.0896995,0.170728,0.0610087,0.020187,-0.0083501,0.289032905,,,,,,,,
Zimbabwe,Mashonaland East,0.062197,571,3361,0.286775,0.393056,0.0515129,0.127873,0.0080563,0.0018775,-0.0534899,0.289048376,,,,,,,,
Zimbabwe,Mashonaland West,0.062815,572,3362,0.286409,0.413246,0.0862882,0.143793,0.0512966,0.0008926,-0.0250758,0.290052368,,,,,,,,
Zimbabwe,Masvingo,0.063907,573,3363,0.287261,0.352099,0.0493442,0.0738881,0.0053288,-0.0516186,-0.0408351,0.288117833,,,,,,,,
Zimbabwe,Matabeleland North,0.119572,574,3364,0.28622,0.398388,0.0833746,0.129587,0.0404242,0.0064267,-0.0173452,0.286890063,,,,,,,,
Zimbabwe,Matabeleland South,0.031696,575,3365,0.286545,0.365783,0.0452382,0.0759684,-0.0030112,-0.0343245,-0.0440018,0.28750333,,,,,,,,
Zimbabwe,Midlands,0.067858,576,3366,0.286913,0.392072,0.0647379,0.117503,0.0227657,-0.0021653,-0.0294194,0.287743729,,,,,,,,
Theoretical,Perennial,0.3,577,3367,0.285277,-0.0248801,-0.0216681,-0.0529426,-0.0242904,-0.016891,-0.0073646,,,,,,,,,
Theoretical,Seasonal,0.3,578,3368,0.285505,-0.325352,-0.132815,-0.0109352,0.104675,0.0779865,-0.013919,,,,,,,,,
