DIDE_CODE,ISO,NAME_0,NAME_1,seasonal_a0,seasonal_a1,seasonal_b1,seasonal_a2,seasonal_b2,seasonal_a3,seasonal_b3
100001,AFG,Afghanistan,Badakhshan,0.285505,-0.325352,-0.132815,-0.0109352,0.104675,0.0779865,-0.013919
100002,AFG,Afghanistan,Badghis,0.285505,-0.325352,-0.132815,-0.0109352,0.104675,0.0779865,-0.013919
100004,AFG,Afghanistan,Balkh,0.285505,-0.325352,-0.132815,-0.0109352,0.104675,0.0779865,-0.013919
100007,AFG,Afghanistan,Farah,0.285505,-0.325352,-0.132815,-0.0109352,0.104675,0.0779865,-0.013919
100008,AFG,Afghanistan,Faryab,0.285505,-0.325352,-0.132815,-0.0109352,0.104675,0.0779865,-0.013919
100009,AFG,Afghanistan,Ghazni,0.285505,-0.325352,-0.132815,-0.0109352,0.104675,0.0779865,-0.013919
100011,AFG,Afghanistan,Hilmand,0.285505,-0.325352,-0.132815,-0.0109352,0.104675,0.0779865,-0.013919
100012,AFG,Afghanistan,Hirat,0.285505,-0.325352,-0.132815,-0.0109352,0.104675,0.0779865,-0.013919
100013,AFG,Afghanistan,Jawzjan,0.285505,-0.325352,-0.132815,-0.0109352,0.104675,0.0779865,-0.013919
100014,AFG,Afghanistan,Kabul,0.285505,-0.325352,-0.132815,-0.0109352,0.104675,0.0779865,-0.013919
100015,AFG,Afghanistan,Kandahar,0.285505,-0.325352,-0.132815,-0.0109352,0.104675,0.0779865,-0.013919
100016,AFG,Afghanistan,Kapisa,0.285505,-0.325352,-0.132815,-0.0109352,0.104675,0.0779865,-0.013919
100017,AFG,Afghanistan,Khost,0.285505,-0.325352,-0.132815,-0.0109352,0.104675,0.0779865,-0.013919
100018,AFG,Afghanistan,Kunar,0.285505,-0.325352,-0.132815,-0.0109352,0.104675,0.0779865,-0.013919
100019,AFG,Afghanistan,Kunduz,0.285505,-0.325352,-0.132815,-0.0109352,0.104675,0.0779865,-0.013919
100020,AFG,Afghanistan,Laghman,0.285505,-0.325352,-0.132815,-0.0109352,0.104675,0.0779865,-0.013919
100021,AFG,Afghanistan,Logar,0.285505,-0.325352,-0.132815,-0.0109352,0.104675,0.0779865,-0.013919
100022,AFG,Afghanistan,Nangarhar,0.285505,-0.325352,-0.132815,-0.0109352,0.104675,0.0779865,-0.013919
100023,AFG,Afghanistan,Nimroz,0.285505,-0.325352,-0.132815,-0.0109352,0.104675,0.0779865,-0.013919
100024,AFG,Afghanistan,Nuristan,0.285505,-0.325352,-0.132815,-0.0109352,0.104675,0.0779865,-0.013919
100025,AFG,Afghanistan,Paktika,0.285505,-0.325352,-0.132815,-0.0109352,0.104675,0.0779865,-0.013919
100026,AFG,Afghanistan,Paktya,0.285505,-0.325352,-0.132815,-0.0109352,0.104675,0.0779865,-0.013919
100027,AFG,Afghanistan,Panjshir,0.285505,-0.325352,-0.132815,-0.0109352,0.104675,0.0779865,-0.013919
100028,AFG,Afghanistan,Parwan,0.285505,-0.325352,-0.132815,-0.0109352,0.104675,0.0779865,-0.013919
100031,AFG,Afghanistan,Takhar,0.285505,-0.325352,-0.132815,-0.0109352,0.104675,0.0779865,-0.013919
100032,AFG,Afghanistan,Uruzgan,0.285505,-0.325352,-0.132815,-0.0109352,0.104675,0.0779865,-0.013919
100033,AFG,Afghanistan,Wardak,0.285505,-0.325352,-0.132815,-0.0109352,0.104675,0.0779865,-0.013919
100034,AFG,Afghanistan,Zabul,0.285505,-0.325352,-0.132815,-0.0109352,0.104675,0.0779865,-0.013919
100035,AGO,Angola,Bengo,0.28447425,0.25534121,0.143512635,-0.087520032,-0.051811165,-0.036265354,-0.11473301
100036,AGO,Angola,Benguela,0.284816603,0.334407739,0.095971498,-0.011928307,0.011184276,-0.074773561,-0.068566423
100037,AGO,Angola,Bie,0.285129274,0.362163297,0.014323202,0.043710749,-0.00886338,-0.050579844,-0.024673836
100038,AGO,Angola,Cabinda,0.284966029,0.265461495,0.141278034,-0.041018388,-0.037060583,-0.032995525,-0.058001037
100039,AGO,Angola,Cuando Cubango,0.285317925,0.40110694,0.091902791,0.115930315,0.069387222,-0.022863691,0.00597234
100040,AGO,Angola,Cuanza Norte,0.285007821,0.25073167,0.083499388,-0.086529324,-0.086353242,-0.048643264,-0.093648914
100041,AGO,Angola,Cuanza Sul,0.285061842,0.291811031,0.043169125,-0.062435686,-0.052391909,-0.062390175,-0.073560866
100042,AGO,Angola,Cunene,0.284668607,0.376904639,0.12056385,0.065025523,0.088273736,-0.056693198,0.018702735
100043,AGO,Angola,Huambo,0.285417269,0.336407528,-0.019379242,-7.99E-04,-0.054587179,-0.065158237,-0.034660436
100044,AGO,Angola,Huila,0.285261791,0.355506998,0.072106899,0.019502687,0.018730735,-0.079630669,-0.038491661
100045,AGO,Angola,Luanda,0.283578506,0.254925748,0.177957437,-0.08980294,-0.019250502,-0.023675767,-0.119372124
100046,AGO,Angola,Lunda Norte,0.285198556,0.276964192,-0.007220454,-0.056622344,-0.020019776,-0.051348565,-0.023472379
100047,AGO,Angola,Lunda Sul,0.285333684,0.319627694,0.010942712,-0.014757251,-0.002371281,-0.061813932,-0.014636729
100048,AGO,Angola,Malanje,0.285145446,0.302039313,0.016252975,-0.042978481,-0.04366524,-0.066436502,-0.04789011
100049,AGO,Angola,Moxico,0.285389889,0.376829074,0.053706068,0.069569354,0.023713919,-0.04055702,-0.016295798
100050,AGO,Angola,Namibe,0.285209569,0.364912604,0.18468946,0.020222277,0.127109863,-0.103262601,-0.030845545
100051,AGO,Angola,Uige,0.284949617,0.234693117,0.081514225,-0.077137665,-0.085408265,-0.020033163,-0.065028344
100052,AGO,Angola,Zaire,0.284663803,0.237055834,0.141263351,-0.074836563,-0.087307337,-0.002921322,-0.093759548
100176,BDI,Burundi,Bubanza,0.285079622,0.222660893,0.117914497,-0.05945378,-8.97E-04,-0.00662562,-0.025646057
100177,BDI,Burundi,Bujumbura Mairie,0.2852369,0.232469642,0.11380002,-0.046581054,0.006409586,-0.01363279,-0.030758657
100178,BDI,Burundi,Bujumbura Rural,0.285101958,0.233978306,0.116477851,-0.048905778,0.010268686,-0.015018744,-0.028680599
100179,BDI,Burundi,Bururi,0.284803395,0.259193429,0.118375835,-0.033465815,3.85E-04,-0.01374909,-0.035230352
100180,BDI,Burundi,Cankuzo,0.284575447,0.237980046,0.150594317,-0.050920225,-0.002344004,0.003831146,-0.04751103
100181,BDI,Burundi,Cibitoke,0.285495366,0.20795041,0.10665405,-0.056944985,-0.008991089,0.009419067,-0.026941704
100182,BDI,Burundi,Gitega,0.284571166,0.261320672,0.129228725,-0.032685531,0.009830368,-0.008952778,-0.036977349
100183,BDI,Burundi,Karuzi,0.284839078,0.233072857,0.127090013,-0.064458524,0.001202646,-0.009293694,-0.033294363
100184,BDI,Burundi,Kayanza,0.285056212,0.219139684,0.113054531,-0.078378602,0.002563054,-0.014674983,-0.022951739
100185,BDI,Burundi,Kirundo,0.285351424,0.182908068,0.132150911,-0.101893978,0.007496832,8.81E-04,-0.026571738
100186,BDI,Burundi,Makamba,0.285036938,0.272625901,0.119982953,-0.02887876,-0.008732919,-0.01709991,-0.04534645
100187,BDI,Burundi,Muramvya,0.285025662,0.230396142,0.116187505,-0.064795407,-1.26E-04,-0.016981138,-0.028884293
100188,BDI,Burundi,Muyinga,0.284866609,0.19450968,0.141742139,-0.096692121,-0.014481373,-0.001962061,-0.049416648
100189,BDI,Burundi,Mwaro,0.285185229,0.250702998,0.119361904,-0.043202697,0.005372077,-0.017786301,-0.032520343
100190,BDI,Burundi,Ngozi,0.285249087,0.209173306,0.122878128,-0.086543903,0.004245794,-0.003979575,-0.025304171
100191,BDI,Burundi,Rutana,0.284542696,0.275328151,0.127868126,-0.027537726,0.000792337,-0.019209622,-0.055753971
100192,BDI,Burundi,Ruyigi,0.284767376,0.264836272,0.139305687,-0.02951463,-0.004834304,-0.00404171,-0.055380978
100196,BEN,Benin,Alibori,0.285402397,-0.359874005,-0.144826697,0.031912411,0.125135174,0.080821831,-0.032478759
100197,BEN,Benin,Atakora,0.285624089,-0.323434483,-0.140023329,-0.012483173,0.094060514,0.072874362,-0.011328731
100198,BEN,Benin,Atlantique,0.285875513,-0.223060356,0.015256591,-0.041581944,-0.130340316,-0.054748095,0.119136963
100199,BEN,Benin,Borgou,0.28530363,-0.294215894,-0.115605485,-0.035107177,0.063036783,0.068554895,0.019739476
100200,BEN,Benin,Collines,0.285350464,-0.249315432,-0.031609745,-0.055926395,0.004419196,0.031976741,0.033232543
100201,BEN,Benin,Donga,0.285266139,-0.276567212,-0.100025517,-0.031665889,0.068519507,0.062790565,0.004948702
100202,BEN,Benin,Kouffo,0.285652473,-0.1959255,-0.010784874,-0.069234662,-0.075396258,-0.033253384,0.084699082
100203,BEN,Benin,Littoral,0.286383098,-0.252198293,0.023880108,-0.017445968,-0.133442506,-0.047599355,0.124006527
100204,BEN,Benin,Mono,0.285633775,-0.207384477,0.02585751,-0.063656609,-0.12328487,-0.042809073,0.113013871
100205,BEN,Benin,Oueme,0.286271514,-0.248409483,0.006355145,-0.021156313,-0.127384307,-0.049129606,0.121782285
100206,BEN,Benin,Plateau,0.285496087,-0.212848879,-0.011651087,-0.0727921,-0.06035049,-0.016294733,0.079332442
100207,BEN,Benin,Zou,0.285838046,-0.212376426,-0.015831142,-0.065270743,-0.049421316,-0.013181129,0.071713804
100211,BFA,Burkina Faso,Boucle du Mouhoun,0.285290646,-0.368848204,-0.172826788,0.05797537,0.148295755,0.057094555,-0.040919963
100212,BFA,Burkina Faso,Cascades,0.285229746,-0.295271158,-0.112606343,-0.034082243,0.077895614,0.075964351,-0.007051094
100213,BFA,Burkina Faso,Centre,0.285027344,-0.369464717,-0.182567745,0.0488269,0.166806313,0.068452576,-0.045036581
100214,BFA,Burkina Faso,Centre-Est,0.285430979,-0.345854499,-0.150489788,0.013015064,0.122854034,0.085372714,-0.017155417
100215,BFA,Burkina Faso,Centre-Nord,0.284848378,-0.378727107,-0.190428447,0.069798905,0.16950796,0.05496598,-0.041536934
100216,BFA,Burkina Faso,Centre-Ouest,0.285221922,-0.355129306,-0.153425817,0.031769526,0.138732817,0.070492832,-0.036208573
100217,BFA,Burkina Faso,Centre-Sud,0.285466013,-0.351499541,-0.155375865,0.01949087,0.13791023,0.078398757,-0.028848857
100218,BFA,Burkina Faso,Est,0.285232483,-0.365463472,-0.158863653,0.046981241,0.129671015,0.067660143,-0.023658675
100219,BFA,Burkina Faso,Haut-Bassins,0.285012201,-0.336581104,-0.145437407,0.011489964,0.108603026,0.0586599,-0.026628234
100220,BFA,Burkina Faso,Nord,0.285260533,-0.384879059,-0.189996311,0.084118007,0.176846378,0.047930391,-0.051745662
100221,BFA,Burkina Faso,Plateau-Central,0.285035557,-0.367672854,-0.176093336,0.048421258,0.150730433,0.064565337,-0.02906796
100222,BFA,Burkina Faso,Sahel,0.284381895,-0.39166663,-0.193307399,0.104527585,0.185545189,0.038339588,-0.061117291
100223,BFA,Burkina Faso,Sud-Ouest,0.285851355,-0.299759499,-0.118571566,-0.032233957,0.084273976,0.064318774,-0.008910115
100225,BGD,Bangladesh,Chittagong,0.285505,-0.325352,-0.132815,-0.0109352,0.104675,0.0779865,-0.013919
100226,BGD,Bangladesh,Dhaka,0.285505,-0.325352,-0.132815,-0.0109352,0.104675,0.0779865,-0.013919
100228,BGD,Bangladesh,Rajshahi,0.285505,-0.325352,-0.132815,-0.0109352,0.104675,0.0779865,-0.013919
100230,BGD,Bangladesh,Sylhet,0.285505,-0.325352,-0.132815,-0.0109352,0.104675,0.0779865,-0.013919
100324,BOL,Bolivia,El Beni,1,0,0,0,0,0,0
100325,BOL,Bolivia,La Paz,1,0,0,0,0,0,0
100327,BOL,Bolivia,Pando,1,0,0,0,0,0,0
100329,BOL,Bolivia,Santa Cruz,1,0,0,0,0,0,0
100331,BRA,Brazil,Acre,1,0,0,0,0,0,0
100333,BRA,Brazil,Amapá,1,0,0,0,0,0,0
100334,BRA,Brazil,Amazonas,1,0,0,0,0,0,0
100339,BRA,Brazil,Goias,1,0,0,0,0,0,0
100340,BRA,Brazil,Maranhao,1,0,0,0,0,0,0
100341,BRA,Brazil,Mato Grosso,1,0,0,0,0,0,0
100342,BRA,Brazil,Mato Grosso do Sul,1,0,0,0,0,0,0
100344,BRA,Brazil,Para,1,0,0,0,0,0,0
100352,BRA,Brazil,Rondônia,1,0,0,0,0,0,0
100353,BRA,Brazil,Roraima,1,0,0,0,0,0,0
100357,BRA,Brazil,Tocantins,1,0,0,0,0,0,0
100374,BTN,Bhutan,Chhukha,0.285505,-0.325352,-0.132815,-0.0109352,0.104675,0.0779865,-0.013919
100375,BTN,Bhutan,Dagana,0.285505,-0.325352,-0.132815,-0.0109352,0.104675,0.0779865,-0.013919
100379,BTN,Bhutan,Monggar,0.285505,-0.325352,-0.132815,-0.0109352,0.104675,0.0779865,-0.013919
100381,BTN,Bhutan,Pemagatshel,0.285505,-0.325352,-0.132815,-0.0109352,0.104675,0.0779865,-0.013919
100383,BTN,Bhutan,Samdrupjongkhar,0.285505,-0.325352,-0.132815,-0.0109352,0.104675,0.0779865,-0.013919
100384,BTN,Bhutan,Samtse,0.285505,-0.325352,-0.132815,-0.0109352,0.104675,0.0779865,-0.013919
100385,BTN,Bhutan,Sarpang,0.285505,-0.325352,-0.132815,-0.0109352,0.104675,0.0779865,-0.013919
100386,BTN,Bhutan,Thimphu,0.285505,-0.325352,-0.132815,-0.0109352,0.104675,0.0779865,-0.013919
100389,BTN,Bhutan,Tsirang,0.285505,-0.325352,-0.132815,-0.0109352,0.104675,0.0779865,-0.013919
100390,BTN,Bhutan,Wangduephodrang,0.285505,-0.325352,-0.132815,-0.0109352,0.104675,0.0779865,-0.013919
100392,BTN,Bhutan,Zhemgang,0.285505,-0.325352,-0.132815,-0.0109352,0.104675,0.0779865,-0.013919
100393,BWA,Botswana,Central,0.285301815,0.35362425,0.069898578,0.093837781,0.0266366,-0.020227088,9.11E-04
100394,BWA,Botswana,Chobe,0.285685794,0.394797732,0.107026209,0.12152479,0.079887708,-0.011956913,0.009679029
100395,BWA,Botswana,Francistown,0.285440131,0.358677475,0.055468817,0.083695837,0.009693077,-0.013479683,-0.020011804
100396,BWA,Botswana,Gaborone,0.285825129,0.287074933,0.093392927,-0.011492289,0.023705891,-0.049393378,0.01519862
100397,BWA,Botswana,Ghanzi,0.285142822,0.349928496,0.097898874,0.068005458,0.061649906,-0.039682663,0.022316398
100398,BWA,Botswana,Jwaneng,0.285825129,0.287074933,0.093392927,-0.011492289,0.023705891,-0.049393378,0.01519862
100399,BWA,Botswana,Kgalagadi,0.285825129,0.287074933,0.093392927,-0.011492289,0.023705891,-0.049393378,0.01519862
100400,BWA,Botswana,Kgatleng,0.284864249,0.328418592,0.058579357,0.074564096,0.011293724,-0.018323119,-0.012423148
100401,BWA,Botswana,Kweneng,0.285825129,0.287074933,0.093392927,-0.011492289,0.023705891,-0.049393378,0.01519862
100402,BWA,Botswana,Lobatse,0.285825129,0.287074933,0.093392927,-0.011492289,0.023705891,-0.049393378,0.01519862
100403,BWA,Botswana,North-East,0.285440131,0.358677475,0.055468817,0.083695837,0.009693077,-0.013479683,-0.020011804
100404,BWA,Botswana,North-West,0.285682739,0.394727329,0.107072966,0.121424448,0.079983744,-0.012033768,0.009815661
100405,BWA,Botswana,Selibe Phikwe,0.285301815,0.35362425,0.069898578,0.093837781,0.0266366,-0.020227088,9.11E-04
100406,BWA,Botswana,South-East,0.285825129,0.287074933,0.093392927,-0.011492289,0.023705891,-0.049393378,0.01519862
100407,BWA,Botswana,Southern,0.285825129,0.287074933,0.093392927,-0.011492289,0.023705891,-0.049393378,0.01519862
100408,BWA,Botswana,Sowa,0.285301815,0.35362425,0.069898578,0.093837781,0.0266366,-0.020227088,9.11E-04
100409,CAF,Central African Republic,Bamingui-Bangoran,0.284971591,-0.262993418,-0.159905236,-0.061842619,0.044723802,0.02224655,0.056670184
100410,CAF,Central African Republic,Bangui,0.285651528,-0.160699816,-0.034679899,-0.075407436,0.010727609,-0.039324462,-0.014784932
100411,CAF,Central African Republic,Basse-Kotto,0.285191123,-0.153321151,-0.056136017,-0.094011211,-0.010570429,-0.022999521,-0.00109555
100412,CAF,Central African Republic,Haut-Mbomou,0.284989478,-0.196960353,-0.071748972,-0.075437694,-0.024201102,-6.07E-04,0.02344248
100413,CAF,Central African Republic,Haute-Kotto,0.284980773,-0.231798467,-0.116861954,-0.071207915,0.012562325,0.006311703,0.042042408
100414,CAF,Central African Republic,Kemo,0.285118719,-0.187658572,-0.085244173,-0.07998011,0.028248503,-0.014978241,0.016030871
100415,CAF,Central African Republic,Lobaye,0.285053913,-0.147395387,-0.050095792,-0.078896993,0.025307233,-0.024700146,-0.009607112
100416,CAF,Central African Republic,Mambere-kadei,0.285471633,-0.150643146,-0.076123309,-0.09229573,0.017937041,-0.023144556,4.65E-04
100417,CAF,Central African Republic,Mbomou,0.285248004,-0.177205225,-0.071609486,-0.083303122,-0.019198391,-0.013872766,0.019378706
100418,CAF,Central African Republic,Nana Grebizi,0.285035835,-0.231329636,-0.122618078,-0.06869735,0.032031729,0.002492933,0.035948864
100419,CAF,Central African Republic,Nana Mambere,0.285706684,-0.204711284,-0.10051206,-0.078760981,0.047992513,0.004211223,-0.006035767
100420,CAF,Central African Republic,Ombella-M'Poko,0.285074994,-0.180226191,-0.066341299,-0.070680339,0.040017918,-0.019053815,-0.011005262
100421,CAF,Central African Republic,Ouaka,0.285168459,-0.187974278,-0.081129095,-0.08918643,0.014688125,-0.012145807,0.013823453
100422,CAF,Central African Republic,Ouham,0.284849486,-0.244095842,-0.118713674,-0.056119649,0.046774806,0.004629172,0.015566829
100423,CAF,Central African Republic,Ouham-pende,0.285186463,-0.266587182,-0.119795674,-0.04342492,0.07534226,0.030508542,-0.015681091
100424,CAF,Central African Republic,Sangha Mbaere,0.28558664,-0.119532307,-0.053706506,-0.097519106,0.003767912,-0.020820975,0.006708317
100425,CAF,Central African Republic,Vakaga,0.285165162,-0.322845356,-0.168109921,0.005056705,0.078109821,0.02613671,0.02819871
100489,CHN,China,Hainan,1,0,0,0,0,0,0
100510,CHN,China,Yunnan,1,0,0,0,0,0,0
100512,CIV,Cote d'Ivoire,Abidjan,0.285356013,-0.130830364,0.08245448,-0.035654663,-0.186399558,-0.068661473,0.088457416
100513,CIV,Cote d'Ivoire,Bas-Sassandra,0.285158457,-0.109365634,0.084493937,-0.033730151,-0.142897858,-0.04226158,0.064666337
100514,CIV,Cote d'Ivoire,Comoe,0.285332411,-0.131811002,0.056128093,-0.065046848,-0.151172263,-0.05925387,0.078371059
100515,CIV,Cote d'Ivoire,Denguele,0.285435945,-0.294620577,-0.095871365,-0.013875593,0.077385328,0.048242112,-0.010068083
100516,CIV,Cote d'Ivoire,Goh-Djiboua,0.28551583,-0.104787713,0.084409581,-0.069825969,-0.134943916,-0.043199882,0.063755954
100517,CIV,Cote d'Ivoire,Lacs,0.285531876,-0.144701131,0.05481333,-0.103294841,-0.091481107,-0.019610125,0.069281161
100518,CIV,Cote d'Ivoire,Lagunes,0.285435646,-0.126729251,0.072658875,-0.051278549,-0.176191304,-0.068488627,0.086342278
100519,CIV,Cote d'Ivoire,Montagnes,0.285096201,-0.15746513,5.90E-04,-0.097917773,-0.031581845,-4.03E-04,0.024273607
100520,CIV,Cote d'Ivoire,Sassandra-Marahoué,0.285605653,-0.159003115,0.044186792,-0.100591528,-0.051325103,-0.001344406,0.03611545
100521,CIV,Cote d'Ivoire,Savanes,0.285488888,-0.268500724,-0.093084751,-0.051303837,0.060800741,0.056644513,0.007304213
100522,CIV,Cote d'Ivoire,Vallee Du Bandama,0.285712484,-0.190663397,-0.013691818,-0.105828717,-0.007995957,0.033967526,0.028144438
100523,CIV,Cote d'Ivoire,Woroba,0.285672713,-0.216629845,-0.021573043,-0.06885353,0.032180465,0.029288914,-0.007822748
100524,CIV,Cote d'Ivoire,Yamoussoukro,0.28555537,-0.147098791,0.064860927,-0.092194208,-0.091879705,-0.008011715,0.070310104
100525,CIV,Cote d'Ivoire,Zanzan,0.28555006,-0.189663099,-0.033888351,-0.105298794,-0.017415229,0.027577505,0.041513446
100526,CMR,Cameroon,Adamaoua,0.285861268,-0.241600175,-0.108604004,-0.082784066,0.010068425,0.041700641,0.021166803
100527,CMR,Cameroon,Centre,0.28552552,-0.12689369,-0.063819544,-0.15879679,-0.030333584,0.01574447,0.020780378
100528,CMR,Cameroon,Est,0.285826874,-0.10393072,-0.047824793,-0.124614052,-0.016787645,-0.011621677,0.017017806
100529,CMR,Cameroon,Extreme-North,0.285820745,-0.368583433,-0.185344921,0.057020111,0.149779116,0.054030982,-0.03720988
100530,CMR,Cameroon,Littoral,0.285825385,-0.146546182,-0.084660012,-0.138605596,0.015628675,0.041404241,0.001278581
100531,CMR,Cameroon,Nord,0.285703137,-0.311223976,-0.153429861,-0.026972786,0.070142821,0.069757602,0.022262271
100532,CMR,Cameroon,Nord-Ouest,0.286136688,-0.208324016,-0.08552817,-0.103450699,0.008084488,0.036493577,0.019738533
100533,CMR,Cameroon,Ouest,0.28594808,-0.187267919,-0.098564779,-0.120381388,0.038170991,0.048353758,-0.011014336
100534,CMR,Cameroon,Sud,0.285501817,-0.040073539,-0.023826307,-0.16520935,-0.054332681,-0.002636765,0.021151407
100535,CMR,Cameroon,Sud-Ouest,0.285880141,-0.168704388,-0.075783289,-0.115945476,0.015070809,0.036430271,0.013162695
100536,COD,Democratic Republic of the Congo,Bas-Uele,0.285249581,-0.046798754,-0.008903568,-0.085648741,-0.040719491,-0.011615276,-0.020639439
100537,COD,Democratic Republic of the Congo,Equateur,0.285276232,-0.024900582,-0.021585523,-0.053231425,-0.024379679,-0.016846163,-0.007428226
100538,COD,Democratic Republic of the Congo,Haut-Katanga,0.285249581,-0.046798754,-0.008903568,-0.085648741,-0.040719491,-0.011615276,-0.020639439
100539,COD,Democratic Republic of the Congo,Haut-Lomami,0.285249581,-0.046798754,-0.008903568,-0.085648741,-0.040719491,-0.011615276,-0.020639439
100540,COD,Democratic Republic of the Congo,Haut-Uele,0.285249581,-0.046798754,-0.008903568,-0.085648741,-0.040719491,-0.011615276,-0.020639439
100541,COD,Democratic Republic of the Congo,Ituri,0.285249581,-0.046798754,-0.008903568,-0.085648741,-0.040719491,-0.011615276,-0.020639439
100542,COD,Democratic Republic of the Congo,Kasai,0.285249581,-0.046798754,-0.008903568,-0.085648741,-0.040719491,-0.011615276,-0.020639439
100543,COD,Democratic Republic of the Congo,Kasai-Occidental,0.285026206,0.181004261,0.004394474,-0.074340676,-0.01450295,-0.002484756,-0.017367437
100544,COD,Democratic Republic of the Congo,Kasai-Oriental,0.285318598,0.153880747,-0.007936992,-0.066407095,-0.006911081,-0.006941872,-0.019155714
100545,COD,Democratic Republic of the Congo,Kinshasa,0.284868667,0.200933019,0.096381702,-0.080515328,-0.095256494,-0.006120772,-0.060483019
100546,COD,Democratic Republic of the Congo,Kongo-Central,0.284812659,0.238228529,0.112854877,-0.06458161,-0.083975717,-0.02056127,-0.08007781
100547,COD,Democratic Republic of the Congo,Kwango,0.284828485,0.165680286,0.023860191,-0.072661482,-0.054109678,-0.007671564,-0.017383005
100548,COD,Democratic Republic of the Congo,Kwilu,0.284828485,0.165680286,0.023860191,-0.072661482,-0.054109678,-0.007671564,-0.017383005
100549,COD,Democratic Republic of the Congo,Lomami,0.285318598,0.153880747,-0.007936992,-0.066407095,-0.006911081,-0.006941872,-0.019155714
100550,COD,Democratic Republic of the Congo,Lualaba,0.285402472,0.319968621,0.041289395,0.005829666,0.011763176,-0.0318221,-0.027614346
100551,COD,Democratic Republic of the Congo,Mai-Ndombe,0.284828485,0.165680286,0.023860191,-0.072661482,-0.054109678,-0.007671564,-0.017383005
100552,COD,Democratic Republic of the Congo,Maniema,0.28524411,0.130328699,0.021226839,-0.060549562,-0.020073687,0.005937548,-0.018779295
100553,COD,Democratic Republic of the Congo,Mongala,0.285276232,-0.024900582,-0.021585523,-0.053231425,-0.024379679,-0.016846163,-0.007428226
100554,COD,Democratic Republic of the Congo,Nord-Kivu,0.285243925,0.131351245,0.021426635,-0.06060092,-0.019955967,0.006148796,-0.018715414
100555,COD,Democratic Republic of the Congo,Nord-Ubangi,0.285276232,-0.024900582,-0.021585523,-0.053231425,-0.024379679,-0.016846163,-0.007428226
100556,COD,Democratic Republic of the Congo,Sankuru,0.285318598,0.153880747,-0.007936992,-0.066407095,-0.006911081,-0.006941872,-0.019155714
100557,COD,Democratic Republic of the Congo,Sud-Kivu,0.285242712,0.132726465,0.02210164,-0.060157939,-0.019796837,0.005991102,-0.018939222
100558,COD,Democratic Republic of the Congo,Sud-Ubangi,0.285276232,-0.024900582,-0.021585523,-0.053231425,-0.024379679,-0.016846163,-0.007428226
100559,COD,Democratic Republic of the Congo,Tanganyika,0.285402472,0.319968621,0.041289395,0.005829666,0.011763176,-0.0318221,-0.027614346
100560,COD,Democratic Republic of the Congo,Tshopo,0.285249581,-0.046798754,-0.008903568,-0.085648741,-0.040719491,-0.011615276,-0.020639439
100561,COD,Democratic Republic of the Congo,Tshuapa,0.285276232,-0.024900582,-0.021585523,-0.053231425,-0.024379679,-0.016846163,-0.007428226
100562,COG,Republic of Congo,Bouenza,0.284872468,0.249303392,0.085957807,-0.059817682,-0.088365172,-0.03869355,-0.067369701
100563,COG,Republic of Congo,Brazzaville,0.284833637,0.210427473,0.080682546,-0.072756501,-0.095902305,-0.005734685,-0.048664611
100564,COG,Republic of Congo,Cuvette,0.285079842,0.091804088,0.014393099,-0.09769371,-0.071092959,-0.006956737,-0.001273468
100565,COG,Republic of Congo,Cuvette-Ouest,0.285270529,0.095657622,2.66E-04,-0.114609109,-0.077152601,-0.013159238,0.020528031
100566,COG,Republic of Congo,Kouilou,0.285130563,0.275483786,0.111111035,-0.034349045,-0.054620092,-0.039378352,-0.059983641
100567,COG,Republic of Congo,Lekoumou,0.285077378,0.236160144,0.080178793,-0.051522083,-0.091104426,-0.0123652,-0.055742115
100568,COG,Republic of Congo,Likouala,0.2852453,-0.057600215,-0.031944592,-0.079444257,-0.01317484,-0.015594954,0.004147206
100569,COG,Republic of Congo,Niari,0.285176539,0.250659268,0.083065634,-0.05560237,-0.091007191,-0.035697802,-0.066492536
100570,COG,Republic of Congo,Plateaux,0.285038481,0.145944878,0.050344487,-0.083051221,-0.083043909,0.011555898,0.004272514
100571,COG,Republic of Congo,Pointe Noire,0.285130563,0.275483786,0.111111035,-0.034349045,-0.054620092,-0.039378352,-0.059983641
100572,COG,Republic of Congo,Pool,0.284833637,0.210427473,0.080682546,-0.072756501,-0.095902305,-0.005734685,-0.048664611
100573,COG,Republic of Congo,Sangha,0.285282522,0.006420982,-0.020326222,-0.11013994,-0.038037415,-0.014371204,0.012372187
100574,COL,Colombia,Amazonas,1,0,0,0,0,0,0
100575,COL,Colombia,Antioquia,1,0,0,0,0,0,0
100576,COL,Colombia,Arauca,1,0,0,0,0,0,0
100578,COL,Colombia,Bolivar,1,0,0,0,0,0,0
100579,COL,Colombia,Boyaca,1,0,0,0,0,0,0
100581,COL,Colombia,Caqueta,1,0,0,0,0,0,0
100582,COL,Colombia,Casanare,1,0,0,0,0,0,0
100583,COL,Colombia,Cauca,1,0,0,0,0,0,0
100585,COL,Colombia,Choco,1,0,0,0,0,0,0
100586,COL,Colombia,Cordoba,1,0,0,0,0,0,0
100587,COL,Colombia,Cundinamarca,1,0,0,0,0,0,0
100588,COL,Colombia,Guainia,1,0,0,0,0,0,0
100589,COL,Colombia,Guaviare,1,0,0,0,0,0,0
100590,COL,Colombia,Huila,1,0,0,0,0,0,0
100592,COL,Colombia,Magdalena,1,0,0,0,0,0,0
100593,COL,Colombia,Meta,1,0,0,0,0,0,0
100594,COL,Colombia,Narino,1,0,0,0,0,0,0
100596,COL,Colombia,Putumayo,1,0,0,0,0,0,0
100597,COL,Colombia,Quindio,1,0,0,0,0,0,0
100598,COL,Colombia,Risaralda,1,0,0,0,0,0,0
100600,COL,Colombia,Santander,1,0,0,0,0,0,0
100601,COL,Colombia,Sucre,1,0,0,0,0,0,0
100602,COL,Colombia,Tolima,1,0,0,0,0,0,0
100603,COL,Colombia,Valle del Cauca,1,0,0,0,0,0,0
100604,COL,Colombia,Vaupes,1,0,0,0,0,0,0
100605,COL,Colombia,Vichada,1,0,0,0,0,0,0
100606,COM,Comoros,Mwali,79.3987,85.758,44.6757,15.5267,36.5635,4.37585,8.10162
100607,COM,Comoros,Ngazidja,74.9401,91.2323,44.3558,24.9199,24.4065,6.1569,0.916589
100608,COM,Comoros,Nzwani,79.3987,85.758,44.6757,15.5267,36.5635,4.37585,8.10162
100696,DJI,Djibouti,Ali Sabieh,0.284228718,-0.209011296,-0.0631981,-0.122666849,0.074671601,0.202987032,-0.125656748
100697,DJI,Djibouti,Dikhil,0.284756438,-0.23227849,-0.064695171,-0.115219654,0.156600551,0.162359777,-0.173576167
100698,DJI,Djibouti,Djibouti,0.283937367,-0.192572931,-0.015801404,-0.142326573,0.031802041,0.177565665,-0.12427114
100699,DJI,Djibouti,Obock,0.283518664,-0.13852449,-0.112074611,-0.119646906,0.037765324,0.232638308,-0.141464442
100700,DJI,Djibouti,Tadjourah,0.285054428,-0.252866721,-0.128834573,-0.150872557,0.149737903,0.220933497,-0.112863399
100716,DOM,Dominican Republic,Azua,1,0,0,0,0,0,0
100717,DOM,Dominican Republic,Bahoruco,1,0,0,0,0,0,0
100718,DOM,Dominican Republic,Barahona,1,0,0,0,0,0,0
100719,DOM,Dominican Republic,Dajabon,1,0,0,0,0,0,0
100722,DOM,Dominican Republic,El Seybo,1,0,0,0,0,0,0
100724,DOM,Dominican Republic,Hato Mayor,1,0,0,0,0,0,0
100725,DOM,Dominican Republic,Independencia,1,0,0,0,0,0,0
100726,DOM,Dominican Republic,La Altagracia,1,0,0,0,0,0,0
100732,DOM,Dominican Republic,Monte Cristi,1,0,0,0,0,0,0
100734,DOM,Dominican Republic,Pedernales,1,0,0,0,0,0,0
100736,DOM,Dominican Republic,Puerto Plata,1,0,0,0,0,0,0
100741,DOM,Dominican Republic,San Juan,1,0,0,0,0,0,0
100744,DOM,Dominican Republic,Santiago,1,0,0,0,0,0,0
100745,DOM,Dominican Republic,Santiago Rodriguez,1,0,0,0,0,0,0
100747,DOM,Dominican Republic,Valverde,1,0,0,0,0,0,0
100797,ECU,Ecuador,Bolivar,1,0,0,0,0,0,0
100798,ECU,Ecuador,Canar,1,0,0,0,0,0,0
100801,ECU,Ecuador,Cotopaxi,1,0,0,0,0,0,0
100802,ECU,Ecuador,El Oro,1,0,0,0,0,0,0
100803,ECU,Ecuador,Esmeraldas,1,0,0,0,0,0,0
100805,ECU,Ecuador,Guayas,1,0,0,0,0,0,0
100808,ECU,Ecuador,Los Rios,1,0,0,0,0,0,0
100809,ECU,Ecuador,Manabi,1,0,0,0,0,0,0
100810,ECU,Ecuador,Morona Santiago,1,0,0,0,0,0,0
100812,ECU,Ecuador,Orellana,1,0,0,0,0,0,0
100813,ECU,Ecuador,Pastaza,1,0,0,0,0,0,0
100814,ECU,Ecuador,Pichincha,1,0,0,0,0,0,0
100817,ECU,Ecuador,Sucumbios,1,0,0,0,0,0,0
100847,ERI,Eritrea,Anseba,0.284346355,-0.392493911,-0.249565707,0.063734397,0.30279799,0.136036151,-0.171627719
100848,ERI,Eritrea,Debub,0.284122163,-0.336650914,-0.113692423,0.052701827,0.199945245,0.042693644,-0.211176613
100849,ERI,Eritrea,Debubawi Keyih Bahri,0.284511667,-0.24928358,-0.125763465,-0.12564707,0.161641852,0.169362493,-0.149158823
100850,ERI,Eritrea,Gash Barka,0.28420226,-0.393616612,-0.248540917,0.079868272,0.288928386,0.092639969,-0.156768312
100851,ERI,Eritrea,Maekel,0.284492445,-0.365251538,-0.119031884,0.06444943,0.219554922,0.04859706,-0.238330137
100852,ERI,Eritrea,Semenawi Keyih Bahri,0.28419584,-0.320622863,-0.112220231,-0.002495329,0.154557447,0.104177674,-0.169217066
100891,ETH,Ethiopia,Addis Abeba,0.285202636,-0.254017357,-0.082575674,0.053107598,0.14033259,0.028889501,-0.115000045
100892,ETH,Ethiopia,Afar,0.284924617,-0.245500689,-0.104335565,-0.088332805,0.199092259,0.122150723,-0.186011379
100893,ETH,Ethiopia,Amhara,0.284837545,-0.317499047,-0.153717422,0.054467413,0.188400028,0.008584229,-0.129277382
100894,ETH,Ethiopia,Benshangul-Gumaz,0.285191914,-0.327316486,-0.158800526,0.026256815,0.066351606,0.015008009,0.047626645
100895,ETH,Ethiopia,Dire Dawa,0.285291325,-0.193034275,-0.030711544,-0.118353473,0.081653823,0.084429979,-0.108554701
100896,ETH,Ethiopia,Gambela Peoples,0.285083503,-0.133147228,-0.082948972,-0.062725257,-0.057850638,0.014775815,0.027851565
100897,ETH,Ethiopia,Harari People,0.285738596,-0.181749754,-0.019942187,-0.099015919,-0.041454481,0.06283154,0.005342777
100898,ETH,Ethiopia,Oromia,0.284599955,-0.138420041,0.0066839,-0.085146227,-0.063846095,0.047029387,-0.037300254
100899,ETH,Ethiopia,Somali,0.284863975,-0.049210689,0.011011881,-0.193123831,-0.227769936,0.048539666,-0.040775393
100900,ETH,Ethiopia,"Southern Nations, Nationalities and Peoples",0.284212865,-0.048770256,0.061657365,-0.078729408,-0.100244616,0.060650635,-0.041386489
100901,ETH,Ethiopia,Tigray,0.2845379,-0.358470807,-0.174779345,0.073322286,0.24495593,0.048580433,-0.169730753
100935,GAB,Gabon,Estuaire,0.286142338,0.179423241,0.012627576,-0.132112641,-0.128482853,-0.058629637,-0.018142766
100936,GAB,Gabon,Haut-Ogooue,0.285678013,0.168550063,0.049592584,-0.083678227,-0.101207931,-0.003955504,-0.015364365
100937,GAB,Gabon,Moyen-Ogooue,0.285916727,0.186226061,0.013699474,-0.131495321,-0.132309827,-0.052170318,-0.027068475
100938,GAB,Gabon,Ngounie,0.285697817,0.212114532,0.043859309,-0.091206445,-0.121425171,-0.038514481,-0.043104717
100939,GAB,Gabon,Nyanga,0.285456587,0.264877229,0.078536227,-0.046885046,-0.083987093,-0.043798612,-0.058901295
100940,GAB,Gabon,Ogooue-Ivindo,0.285698395,0.115422244,0.009532675,-0.135654898,-0.093048675,-0.035455128,-8.75E-04
100941,GAB,Gabon,Ogooue-lolo,0.28599568,0.175562428,0.031886113,-0.101826261,-0.099900496,-0.020485226,-0.014345328
100942,GAB,Gabon,Ogooue-Maritime,0.28552147,0.237249676,0.060975093,-0.072744261,-0.118023124,-0.039477457,-0.052376446
100943,GAB,Gabon,Woleu-Ntem,0.285787469,0.048364306,-0.014802262,-0.158917335,-0.078570022,-0.034903866,0.012449985
100975,GHA,Ghana,Ashanti,0.28526089,-0.135275423,0.009802962,-0.108721149,-0.080412103,-0.02914741,0.067390971
100976,GHA,Ghana,Brong Ahafo,0.285569978,-0.173746125,-0.012609315,-0.112373777,-0.047268044,-0.007769321,0.054227741
100977,GHA,Ghana,Central,0.284809495,-0.123556231,0.072169048,-0.072322906,-0.155914441,-0.061305266,0.086241662
100978,GHA,Ghana,Eastern,0.285481307,-0.102609409,0.023743906,-0.100483991,-0.096882192,-0.049062265,0.065254073
100979,GHA,Ghana,Greater Accra,0.285783236,-0.159974042,0.076277206,-0.059827821,-0.147074372,-0.016901681,0.098191791
100980,GHA,Ghana,Northern,0.285314515,-0.256748458,-0.092694401,-0.061812922,0.048648684,0.064306389,0.023806575
100981,GHA,Ghana,Upper East,0.285500371,-0.3236391,-0.131863364,-0.012155655,0.103311206,0.077638533,-0.012945054
100982,GHA,Ghana,Upper West,0.285691284,-0.303568493,-0.101036309,-0.026959053,0.075955312,0.06371926,-0.016211496
100983,GHA,Ghana,Volta,0.285662323,-0.187172929,-0.01554137,-0.085469837,-0.052136561,-1.99E-04,0.054296846
100984,GHA,Ghana,Western,0.284918471,-0.126806909,0.057778606,-0.068458202,-0.160064207,-0.059977099,0.078869028
100985,GIN,Guinea,Boke,0.285655997,-0.302679931,-0.295401798,-0.016389978,0.159609227,0.027501706,0.022476092
100986,GIN,Guinea,Conakry,0.285302456,-0.362886719,-0.26597568,0.056814581,0.222788574,0.059583331,-0.065490631
100987,GIN,Guinea,Faranah,0.285359372,-0.303970394,-0.168587489,-0.003695822,0.08986818,0.044527568,-0.005692716
100988,GIN,Guinea,Kankan,0.285527755,-0.321353023,-0.150138263,0.013665241,0.102184033,0.045288932,-0.013300956
100989,GIN,Guinea,Kindia,0.285785456,-0.300058079,-0.258951842,-4.10E-04,0.133338948,0.025710952,0.002628737
100990,GIN,Guinea,Labe,0.285733738,-0.321338338,-0.237435971,0.011576381,0.142041541,0.040810331,0.003338021
100991,GIN,Guinea,Mamou,0.285708789,-0.287099596,-0.19331549,-0.004173501,0.085796875,0.028457145,0.003072668
100992,GIN,Guinea,N'Zerekore,0.28554166,-0.206086548,-0.038822137,-0.066580422,0.02347241,0.009720871,-0.019444479
100995,GMB,Gambia,Banjul,0.285137,-0.329374,-0.334149,-0.0017622,0.289755,0.0906107,-0.0634346
100996,GMB,Gambia,Lower River,0.284554994,-0.332980162,-0.319281841,0.008912933,0.260380376,0.068325497,-0.044724755
100997,GMB,Gambia,Maccarthy Island,0.284806312,-0.323269602,-0.314488036,0.00146849,0.240356241,0.074026594,-0.024973529
100998,GMB,Gambia,North Bank,0.284993083,-0.330580267,-0.319914118,0.006798344,0.263155647,0.0781625,-0.044924382
100999,GMB,Gambia,Upper River,0.284999979,-0.326380036,-0.307650198,0.003079265,0.232431175,0.08007873,-0.016099468
101000,GMB,Gambia,Western,0.28502735,-0.333527937,-0.32390764,0.010529552,0.276674288,0.073876935,-0.053638195
101001,GNB,Guinea-Bissau,Bafata,0.285363727,-0.308851011,-0.316259893,-0.023708049,0.201357686,0.049480204,0.015306897
101002,GNB,Guinea-Bissau,Biombo,0.285528239,-0.326980622,-0.334758033,-0.006307506,0.249841973,0.046622607,-0.039449588
101003,GNB,Guinea-Bissau,Bissau,0.285616029,-0.319017062,-0.329602962,-0.009173149,0.229438812,0.039053728,-0.023219157
101004,GNB,Guinea-Bissau,Bolama,0.285270158,-0.335295297,-0.330379574,0.015017639,0.260790993,0.035379495,-0.065801147
101005,GNB,Guinea-Bissau,Cacheu,0.285547909,-0.331640647,-0.332688773,-0.002873751,0.254070044,0.054455778,-0.041400292
101006,GNB,Guinea-Bissau,Gabu,0.285421938,-0.311017352,-0.30372944,-0.016709354,0.189674744,0.0447801,0.025256513
101007,GNB,Guinea-Bissau,Oio,0.2854543,-0.315233783,-0.321642663,-0.011500643,0.218030419,0.044531603,-0.01025503
101008,GNB,Guinea-Bissau,Quinara,0.285305458,-0.317504027,-0.325264838,-0.014429268,0.217511413,0.03614745,-0.012524804
101009,GNB,Guinea-Bissau,Tombali,0.285435851,-0.311207947,-0.326702009,-0.01763681,0.208567339,0.026608569,-0.01115582
101010,GNQ,Equatorial Guinea,Annobon,0.286115851,-0.168899179,-0.102354725,-0.088316979,0.048422818,0.056648122,-0.002027681
101011,GNQ,Equatorial Guinea,Bioko Norte,0.286555983,-0.191481129,-0.100378076,-0.085772698,0.033265685,0.048322021,-0.001401824
101012,GNQ,Equatorial Guinea,Bioko Sur,0.286115851,-0.168899179,-0.102354725,-0.088316979,0.048422818,0.056648122,-0.002027681
101013,GNQ,Equatorial Guinea,Centro Sur,0.28612305,0.111290036,-0.009979188,-0.150449544,-0.091874327,-0.042026165,0.012190322
101014,GNQ,Equatorial Guinea,Kientem,0.285781253,0.013269795,-0.025667939,-0.171385031,-0.075162868,-0.009119096,0.029983916
101015,GNQ,Equatorial Guinea,Litoral,0.286605416,0.118007639,0.009117067,-0.149355552,-0.109829732,-0.044931198,0.012062379
101016,GNQ,Equatorial Guinea,Wele-Nzas,0.286025685,0.070341326,-0.021175385,-0.152097387,-0.078279577,-0.033661772,0.023874951
101037,GTM,Guatemala,Alta Verapaz,1,0,0,0,0,0,0
101045,GTM,Guatemala,Izabal,1,0,0,0,0,0,0
101048,GTM,Guatemala,Peten,1,0,0,0,0,0,0
101053,GTM,Guatemala,San Marcos,1,0,0,0,0,0,0
101059,GUF,French Guiana,Cayenne,1,0,0,0,0,0,0
101060,GUF,French Guiana,Saint-Laurent-du-Maroni,1,0,0,0,0,0,0
101080,GUY,Guyana,Barima-Waini,1,0,0,0,0,0,0
101081,GUY,Guyana,Cuyuni-Mazaruni,1,0,0,0,0,0,0
101082,GUY,Guyana,Demerara-Mahaica,1,0,0,0,0,0,0
101083,GUY,Guyana,East Berbice-Corentyne,1,0,0,0,0,0,0
101084,GUY,Guyana,Essequibo Islands-West Demerara,1,0,0,0,0,0,0
101085,GUY,Guyana,Mahaica-Berbice,1,0,0,0,0,0,0
101086,GUY,Guyana,Pomeroon-Supenaam,1,0,0,0,0,0,0
101087,GUY,Guyana,Potaro-Siparuni,1,0,0,0,0,0,0
101088,GUY,Guyana,Upper Demerara-Berbice,1,0,0,0,0,0,0
101089,GUY,Guyana,Upper Takutu-Upper Essequibo,1,0,0,0,0,0,0
101110,HND,Honduras,Colon,1,0,0,0,0,0,0
101116,HND,Honduras,Gracias a Dios,1,0,0,0,0,0,0
101118,HND,Honduras,Islas De Bahia,1,0,0,0,0,0,0
101122,HND,Honduras,Olancho,1,0,0,0,0,0,0
101147,HTI,Haiti,Centre,1,0,0,0,0,0,0
101148,HTI,Haiti,Grand'Anse,1,0,0,0,0,0,0
101149,HTI,Haiti,L'Artibonite,1,0,0,0,0,0,0
101150,HTI,Haiti,Nippes,1,0,0,0,0,0,0
101151,HTI,Haiti,Nord,1,0,0,0,0,0,0
101152,HTI,Haiti,Nord-Est,1,0,0,0,0,0,0
101153,HTI,Haiti,Nord-Ouest,1,0,0,0,0,0,0
101154,HTI,Haiti,Ouest,1,0,0,0,0,0,0
101155,HTI,Haiti,Sud,1,0,0,0,0,0,0
101156,HTI,Haiti,Sud-Est,1,0,0,0,0,0,0
101187,IDN,Indonesia,Jawa Timur,1,0,0,0,0,0,0
101199,IDN,Indonesia,Papua Barat,1,0,0,0,0,0,0
101192,IDN,Indonesia,Kepulauan Riau,1,0,0,0,0,0,0
101205,IDN,Indonesia,Sulawesi Utara,1,0,0,0,0,0,0
101190,IDN,Indonesia,Kalimantan Tengah,1,0,0,0,0,0,0
101204,IDN,Indonesia,Sulawesi Tenggara,1,0,0,0,0,0,0
101209,IDN,Indonesia,Yogyakarta,1,0,0,0,0,0,0
101200,IDN,Indonesia,Riau,1,0,0,0,0,0,0
101184,IDN,Indonesia,Jambi,1,0,0,0,0,0,0
101193,IDN,Indonesia,Lampung,1,0,0,0,0,0,0
101182,IDN,Indonesia,Gorontalo,1,0,0,0,0,0,0
101179,IDN,Indonesia,Bangka Belitung,1,0,0,0,0,0,0
101195,IDN,Indonesia,Maluku Utara,1,0,0,0,0,0,0
101178,IDN,Indonesia,Bali,1,0,0,0,0,0,0
101194,IDN,Indonesia,Maluku,1,0,0,0,0,0,0
101208,IDN,Indonesia,Sumatera Utara,1,0,0,0,0,0,0
101206,IDN,Indonesia,Sumatera Barat,1,0,0,0,0,0,0
101197,IDN,Indonesia,Nusa Tenggara Timur,1,0,0,0,0,0,0
101181,IDN,Indonesia,Bengkulu,1,0,0,0,0,0,0
101189,IDN,Indonesia,Kalimantan Selatan,1,0,0,0,0,0,0
101186,IDN,Indonesia,Jawa Tengah,1,0,0,0,0,0,0
101191,IDN,Indonesia,Kalimantan Timur,1,0,0,0,0,0,0
101202,IDN,Indonesia,Sulawesi Selatan,1,0,0,0,0,0,0
101203,IDN,Indonesia,Sulawesi Tengah,1,0,0,0,0,0,0
101196,IDN,Indonesia,Nusa Tenggara Barat,1,0,0,0,0,0,0
101201,IDN,Indonesia,Sulawesi Barat,1,0,0,0,0,0,0
101207,IDN,Indonesia,Sumatera Selatan,1,0,0,0,0,0,0
101198,IDN,Indonesia,Papua,1,0,0,0,0,0,0
101188,IDN,Indonesia,Kalimantan Barat,1,0,0,0,0,0,0
101216,IND,India,Andaman and Nicobar,0.285505,-0.325352,-0.132815,-0.0109352,0.104675,0.0779865,-0.013919
101217,IND,India,Andhra Pradesh,0.285505,-0.325352,-0.132815,-0.0109352,0.104675,0.0779865,-0.013919
101219,IND,India,Assam,0.285505,-0.325352,-0.132815,-0.0109352,0.104675,0.0779865,-0.013919
101225,IND,India,Goa,0.285505,-0.325352,-0.132815,-0.0109352,0.104675,0.0779865,-0.013919
101226,IND,India,Gujarat,0.285505,-0.325352,-0.132815,-0.0109352,0.104675,0.0779865,-0.013919
101231,IND,India,Karnataka,0.285505,-0.325352,-0.132815,-0.0109352,0.104675,0.0779865,-0.013919
101235,IND,India,Maharashtra,0.285505,-0.325352,-0.132815,-0.0109352,0.104675,0.0779865,-0.013919
101236,IND,India,Manipur,0.285505,-0.325352,-0.132815,-0.0109352,0.104675,0.0779865,-0.013919
101237,IND,India,Meghalaya,0.285505,-0.325352,-0.132815,-0.0109352,0.104675,0.0779865,-0.013919
101238,IND,India,Mizoram,0.285505,-0.325352,-0.132815,-0.0109352,0.104675,0.0779865,-0.013919
101239,IND,India,Nagaland,0.285505,-0.325352,-0.132815,-0.0109352,0.104675,0.0779865,-0.013919
101245,IND,India,Sikkim,0.285505,-0.325352,-0.132815,-0.0109352,0.104675,0.0779865,-0.013919
101246,IND,India,Tamil Nadu,0.285505,-0.325352,-0.132815,-0.0109352,0.104675,0.0779865,-0.013919
101248,IND,India,Tripura,0.285505,-0.325352,-0.132815,-0.0109352,0.104675,0.0779865,-0.013919
101251,IND,India,West Bengal,0.285505,-0.325352,-0.132815,-0.0109352,0.104675,0.0779865,-0.013919
101218,IND,India,Arunachal Pradesh,0.285505,-0.325352,-0.132815,-0.0109352,0.104675,0.0779865,-0.013919
101220,IND,India,Bihar,0.285505,-0.325352,-0.132815,-0.0109352,0.104675,0.0779865,-0.013919
101222,IND,India,Chhattisgarh,0.285505,-0.325352,-0.132815,-0.0109352,0.104675,0.0779865,-0.013919
101223,IND,India,Dadra and Nagar Haveli,0.285505,-0.325352,-0.132815,-0.0109352,0.104675,0.0779865,-0.013919
101224,IND,India,Daman and Diu,0.285505,-0.325352,-0.132815,-0.0109352,0.104675,0.0779865,-0.013919
101230,IND,India,Jharkhand,0.285505,-0.325352,-0.132815,-0.0109352,0.104675,0.0779865,-0.013919
101234,IND,India,Madhya Pradesh,0.285505,-0.325352,-0.132815,-0.0109352,0.104675,0.0779865,-0.013919
101244,IND,India,Rajasthan,0.285505,-0.325352,-0.132815,-0.0109352,0.104675,0.0779865,-0.013919
101249,IND,India,Uttar Pradesh,0.285505,-0.325352,-0.132815,-0.0109352,0.104675,0.0779865,-0.013919
101288,IRN,Iran,Hormozgan,0.285505,-0.325352,-0.132815,-0.0109352,0.104675,0.0779865,-0.013919
101303,IRN,Iran,Sistan and Baluchestan,0.285505,-0.325352,-0.132815,-0.0109352,0.104675,0.0779865,-0.013919
101461,KEN,Kenya,Baringo,0.284477295,0.016202593,0.122670306,-0.12099006,-0.128475636,0.087173225,-0.098323442
101462,KEN,Kenya,Bomet,0.284477295,0.016202593,0.122670306,-0.12099006,-0.128475636,0.087173225,-0.098323442
101463,KEN,Kenya,Bungoma,0.285376231,-0.063272005,0.026440006,-0.09023322,-0.059999671,0.060033961,-0.045315765
101464,KEN,Kenya,Busia,0.285376231,-0.063272005,0.026440006,-0.09023322,-0.059999671,0.060033961,-0.045315765
101465,KEN,Kenya,Elgeyo-Marakwet,0.284477295,0.016202593,0.122670306,-0.12099006,-0.128475636,0.087173225,-0.098323442
101466,KEN,Kenya,Embu,0.285062586,0.122251583,0.103414441,-0.154027075,-0.242292951,0.037772797,-0.180668037
101467,KEN,Kenya,Garissa,0.285474963,0.090515166,0.033162753,-0.210936422,-0.317707266,-0.022985853,-0.153593503
101468,KEN,Kenya,Homa Bay,0.285178996,0.022062759,0.072272229,-0.098071461,-0.090336066,0.058623047,-0.058421179
101469,KEN,Kenya,Isiolo,0.285062586,0.122251583,0.103414441,-0.154027075,-0.242292951,0.037772797,-0.180668037
101470,KEN,Kenya,Kajiado,0.284477295,0.016202593,0.122670306,-0.12099006,-0.128475636,0.087173225,-0.098323442
101471,KEN,Kenya,Kakamega,0.285376231,-0.063272005,0.026440006,-0.09023322,-0.059999671,0.060033961,-0.045315765
101472,KEN,Kenya,Kericho,0.284477295,0.016202593,0.122670306,-0.12099006,-0.128475636,0.087173225,-0.098323442
101473,KEN,Kenya,Kiambu,0.285710522,0.030777806,0.1148506,-0.12890474,-0.172490734,0.077388426,-0.097496947
101474,KEN,Kenya,Kilifi,0.286164868,0.127985347,0.016041752,-0.077623838,-0.234248928,-0.021798574,-0.129586806
101475,KEN,Kenya,Kirinyaga,0.285710522,0.030777806,0.1148506,-0.12890474,-0.172490734,0.077388426,-0.097496947
101476,KEN,Kenya,Kisii,0.285178996,0.022062759,0.072272229,-0.098071461,-0.090336066,0.058623047,-0.058421179
101477,KEN,Kenya,Kisumu,0.285178996,0.022062759,0.072272229,-0.098071461,-0.090336066,0.058623047,-0.058421179
101478,KEN,Kenya,Kitui,0.285062586,0.122251583,0.103414441,-0.154027075,-0.242292951,0.037772797,-0.180668037
101479,KEN,Kenya,Kwale,0.286164868,0.127985347,0.016041752,-0.077623838,-0.234248928,-0.021798574,-0.129586806
101480,KEN,Kenya,Laikipia,0.284477295,0.016202593,0.122670306,-0.12099006,-0.128475636,0.087173225,-0.098323442
101481,KEN,Kenya,Lamu,0.286164868,0.127985347,0.016041752,-0.077623838,-0.234248928,-0.021798574,-0.129586806
101482,KEN,Kenya,Machakos,0.285062586,0.122251583,0.103414441,-0.154027075,-0.242292951,0.037772797,-0.180668037
101483,KEN,Kenya,Makueni,0.285062586,0.122251583,0.103414441,-0.154027075,-0.242292951,0.037772797,-0.180668037
101484,KEN,Kenya,Mandera,0.285474963,0.090515166,0.033162753,-0.210936422,-0.317707266,-0.022985853,-0.153593503
101485,KEN,Kenya,Marsabit,0.285062586,0.122251583,0.103414441,-0.154027075,-0.242292951,0.037772797,-0.180668037
101486,KEN,Kenya,Meru,0.285062586,0.122251583,0.103414441,-0.154027075,-0.242292951,0.037772797,-0.180668037
101487,KEN,Kenya,Migori,0.285178996,0.022062759,0.072272229,-0.098071461,-0.090336066,0.058623047,-0.058421179
101488,KEN,Kenya,Mombasa,0.286164868,0.127985347,0.016041752,-0.077623838,-0.234248928,-0.021798574,-0.129586806
101489,KEN,Kenya,Murang'a,0.285710522,0.030777806,0.1148506,-0.12890474,-0.172490734,0.077388426,-0.097496947
101490,KEN,Kenya,Nairobi,0.28552677,0.084877305,0.159398748,-0.106393076,-0.166016653,0.097059437,-0.104526386
101491,KEN,Kenya,Nakuru,0.284477295,0.016202593,0.122670306,-0.12099006,-0.128475636,0.087173225,-0.098323442
101492,KEN,Kenya,Nandi,0.284477295,0.016202593,0.122670306,-0.12099006,-0.128475636,0.087173225,-0.098323442
101493,KEN,Kenya,Narok,0.284477295,0.016202593,0.122670306,-0.12099006,-0.128475636,0.087173225,-0.098323442
101494,KEN,Kenya,Nyamira,0.285178996,0.022062759,0.072272229,-0.098071461,-0.090336066,0.058623047,-0.058421179
101495,KEN,Kenya,Nyandarua,0.285710522,0.030777806,0.1148506,-0.12890474,-0.172490734,0.077388426,-0.097496947
101496,KEN,Kenya,Nyeri,0.285710522,0.030777806,0.1148506,-0.12890474,-0.172490734,0.077388426,-0.097496947
101497,KEN,Kenya,Samburu,0.284477295,0.016202593,0.122670306,-0.12099006,-0.128475636,0.087173225,-0.098323442
101498,KEN,Kenya,Siaya,0.285178996,0.022062759,0.072272229,-0.098071461,-0.090336066,0.058623047,-0.058421179
101499,KEN,Kenya,Taita Taveta,0.286164868,0.127985347,0.016041752,-0.077623838,-0.234248928,-0.021798574,-0.129586806
101500,KEN,Kenya,Tana River,0.286164868,0.127985347,0.016041752,-0.077623838,-0.234248928,-0.021798574,-0.129586806
101501,KEN,Kenya,Tharaka-Nithi,0.285062586,0.122251583,0.103414441,-0.154027075,-0.242292951,0.037772797,-0.180668037
101502,KEN,Kenya,Trans Nzoia,0.284477295,0.016202593,0.122670306,-0.12099006,-0.128475636,0.087173225,-0.098323442
101503,KEN,Kenya,Turkana,0.284477295,0.016202593,0.122670306,-0.12099006,-0.128475636,0.087173225,-0.098323442
101504,KEN,Kenya,Uasin Gishu,0.284477295,0.016202593,0.122670306,-0.12099006,-0.128475636,0.087173225,-0.098323442
101505,KEN,Kenya,Vihiga,0.285376231,-0.063272005,0.026440006,-0.09023322,-0.059999671,0.060033961,-0.045315765
101506,KEN,Kenya,Wajir,0.285474963,0.090515166,0.033162753,-0.210936422,-0.317707266,-0.022985853,-0.153593503
101507,KEN,Kenya,West Pokot,0.284477295,0.016202593,0.122670306,-0.12099006,-0.128475636,0.087173225,-0.098323442
101517,KHM,Cambodia,Banteay Meanchey,1,0,0,0,0,0,0
101518,KHM,Cambodia,Battambang,1,0,0,0,0,0,0
101519,KHM,Cambodia,Kampong Cham,1,0,0,0,0,0,0
101520,KHM,Cambodia,Kampong Chhnang,1,0,0,0,0,0,0
101521,KHM,Cambodia,Kampong Speu,1,0,0,0,0,0,0
101522,KHM,Cambodia,Kampong Thom,1,0,0,0,0,0,0
101523,KHM,Cambodia,Kampot,1,0,0,0,0,0,0
101525,KHM,Cambodia,Koh Kong,1,0,0,0,0,0,0
101526,KHM,Cambodia,Kep,1,0,0,0,0,0,0
101527,KHM,Cambodia,Kratie,1,0,0,0,0,0,0
101528,KHM,Cambodia,Krong Pailin,1,0,0,0,0,0,0
101529,KHM,Cambodia,Krong Preah Sihanouk,1,0,0,0,0,0,0
101530,KHM,Cambodia,Mondul Kiri,1,0,0,0,0,0,0
101531,KHM,Cambodia,Otdar Mean Chey,1,0,0,0,0,0,0
101533,KHM,Cambodia,Pouthisat,1,0,0,0,0,0,0
101534,KHM,Cambodia,Preah Vihear,1,0,0,0,0,0,0
101536,KHM,Cambodia,Ratanak Kiri,1,0,0,0,0,0,0
101537,KHM,Cambodia,Siemreap,1,0,0,0,0,0,0
101538,KHM,Cambodia,Stung Treng,1,0,0,0,0,0,0
101539,KHM,Cambodia,Svay Rieng,1,0,0,0,0,0,0
101540,KHM,Cambodia,Takeo,1,0,0,0,0,0,0
101579,LAO,Laos,Attapu,1,0,0,0,0,0,0
101580,LAO,Laos,Bokeo,1,0,0,0,0,0,0
101581,LAO,Laos,Bolikhamxai,1,0,0,0,0,0,0
101582,LAO,Laos,Champasak,1,0,0,0,0,0,0
101583,LAO,Laos,Houaphan,1,0,0,0,0,0,0
101584,LAO,Laos,Khammouan,1,0,0,0,0,0,0
101585,LAO,Laos,Louang Namtha,1,0,0,0,0,0,0
101586,LAO,Laos,Louangphrabang,1,0,0,0,0,0,0
101587,LAO,Laos,Oudomxai,1,0,0,0,0,0,0
101588,LAO,Laos,Phongsali,1,0,0,0,0,0,0
101589,LAO,Laos,Saravan,1,0,0,0,0,0,0
101590,LAO,Laos,Savannakhet,1,0,0,0,0,0,0
101593,LAO,Laos,Xaignabouri,1,0,0,0,0,0,0
101595,LAO,Laos,Xekong,1,0,0,0,0,0,0
101596,LAO,Laos,Xiangkhoang,1,0,0,0,0,0,0
101605,LBR,Liberia,Bomi,0.285922992,-0.194055714,-0.068420945,-0.030601764,-0.038185785,-0.00579312,0.03592899
101606,LBR,Liberia,Bong,0.285304687,-0.157369426,0.008337769,-0.093039064,-0.038846247,0.009740779,0.027802338
101607,LBR,Liberia,Gbapolu,0.285355723,-0.174655002,-0.071223022,-0.067096638,-0.020033102,-0.002352603,0.012584196
101608,LBR,Liberia,Grand Cape Mount,0.285843303,-0.186762939,-0.123012891,-0.037191693,-0.027364596,-0.006467579,0.026822214
101609,LBR,Liberia,GrandBassa,0.285122505,-0.147442608,0.001618865,-0.084078358,-0.084311738,-0.013558312,0.062529428
101610,LBR,Liberia,GrandGedeh,0.285109235,-0.141757068,0.017432765,-0.060186432,-0.083643106,-0.020909646,0.051987377
101611,LBR,Liberia,GrandKru,0.284920638,-0.136285241,0.045602411,-0.016623579,-0.152109044,-0.0240161,0.080463295
101612,LBR,Liberia,Lofa,0.285311513,-0.171292475,-0.05896101,-0.079061967,-0.018345776,0.00385175,-0.002096821
101613,LBR,Liberia,Margibi,0.28546933,-0.147679369,-0.003748856,-0.075097983,-0.056065495,-0.004348501,0.05081236
101614,LBR,Liberia,Maryland,0.28510478,-0.127631246,0.065931834,-0.016352557,-0.142786829,-0.020450257,0.08352763
101615,LBR,Liberia,Montserrado,0.285732641,-0.164315281,-0.048812648,-0.056244993,-0.036048635,0.00537419,0.047534896
101616,LBR,Liberia,Nimba,0.285141015,-0.157318436,-0.022252574,-0.097414922,-0.043878579,-0.006935956,0.036254581
101617,LBR,Liberia,River Cess,0.284894385,-0.135337225,0.018758514,-0.071540541,-0.104620218,-0.026038594,0.073546284
101618,LBR,Liberia,River Gee,0.285259532,-0.104768101,0.062403755,-0.029627767,-0.106634161,-0.026269891,0.068762107
101619,LBR,Liberia,Sinoe,0.284588301,-0.137601728,0.030074652,-0.035773187,-0.138129582,-0.01718305,0.084531154
101770,MDG,Madagascar,Antananarivo,105.0162353,140.8115453,28.88238355,43.64495501,17.76624994,-1.606074153,-3.612275406
101771,MDG,Madagascar,Antsiranana,124.9581028,156.429081,82.93373739,33.63492911,52.17434581,-1.649613229,3.388978383
101772,MDG,Madagascar,Fianarantsoa,74.81949426,83.04944317,16.57571575,27.90718778,20.61384038,7.304219333,4.324403998
101773,MDG,Madagascar,Mahajanga,107.1375419,161.9324335,47.84156306,71.88335794,47.76789575,15.63496799,21.61500442
101774,MDG,Madagascar,Toamasina,111.0159377,137.5546131,63.18216029,48.43725819,61.44583251,-1.662336206,14.44041611
101775,MDG,Madagascar,Toliary,60.39512972,78.43905719,16.15513561,31.15696566,10.35215132,7.949231284,-4.57077899
101893,MLI,Mali,Bamako,0.285842586,-0.365910657,-0.222521626,0.062792669,0.176463724,0.034843616,-0.027468027
101894,MLI,Mali,Gao,0.285339621,-0.36039344,-0.234538961,0.099452386,0.273084595,0.082145901,-0.123593656
101895,MLI,Mali,Kayes,0.286056633,-0.343042959,-0.252064341,0.050036036,0.203676339,0.041112331,-0.030832622
101896,MLI,Mali,Kidal,0.285901524,-0.258740459,-0.162391274,0.099704792,0.231898751,0.068186056,-0.059315725
101897,MLI,Mali,Koulikoro,0.285874474,-0.358963324,-0.217614176,0.069554008,0.188353397,0.040897799,-0.04867285
101898,MLI,Mali,Mopti,0.285622391,-0.380483425,-0.225149755,0.095836606,0.223133703,0.044602331,-0.091733347
101899,MLI,Mali,Segou,0.286132632,-0.375451424,-0.216009043,0.08557685,0.203902708,0.048125865,-0.075383833
101900,MLI,Mali,Sikasso,0.285286576,-0.342670635,-0.164079045,0.027491199,0.121733568,0.057323792,-0.008544727
101901,MLI,Mali,Timbuktu,0.285830886,-0.13353384,-0.111676138,0.031308642,0.197322358,0.054294367,-0.049082355
101907,MMR,Myanmar,Ayeyarwady,0.285505,-0.325352,-0.132815,-0.0109352,0.104675,0.0779865,-0.013919
101908,MMR,Myanmar,Bago,0.285505,-0.325352,-0.132815,-0.0109352,0.104675,0.0779865,-0.013919
101909,MMR,Myanmar,Chin,0.285505,-0.325352,-0.132815,-0.0109352,0.104675,0.0779865,-0.013919
101910,MMR,Myanmar,Kachin,0.285505,-0.325352,-0.132815,-0.0109352,0.104675,0.0779865,-0.013919
101911,MMR,Myanmar,Kayah,0.285505,-0.325352,-0.132815,-0.0109352,0.104675,0.0779865,-0.013919
101912,MMR,Myanmar,Kayin,0.285505,-0.325352,-0.132815,-0.0109352,0.104675,0.0779865,-0.013919
101913,MMR,Myanmar,Magway,0.285505,-0.325352,-0.132815,-0.0109352,0.104675,0.0779865,-0.013919
101914,MMR,Myanmar,Mandalay,0.285505,-0.325352,-0.132815,-0.0109352,0.104675,0.0779865,-0.013919
101915,MMR,Myanmar,Mon,0.285505,-0.325352,-0.132815,-0.0109352,0.104675,0.0779865,-0.013919
101916,MMR,Myanmar,Naypyitaw,0.285505,-0.325352,-0.132815,-0.0109352,0.104675,0.0779865,-0.013919
101917,MMR,Myanmar,Rakhine,0.285505,-0.325352,-0.132815,-0.0109352,0.104675,0.0779865,-0.013919
101918,MMR,Myanmar,Sagaing,0.285505,-0.325352,-0.132815,-0.0109352,0.104675,0.0779865,-0.013919
101919,MMR,Myanmar,Shan,0.285505,-0.325352,-0.132815,-0.0109352,0.104675,0.0779865,-0.013919
101920,MMR,Myanmar,Tanintharyi,0.285505,-0.325352,-0.132815,-0.0109352,0.104675,0.0779865,-0.013919
101921,MMR,Myanmar,Yangon,0.285505,-0.325352,-0.132815,-0.0109352,0.104675,0.0779865,-0.013919
101969,MOZ,Mozambique,Cabo Delgado,0.285181151,0.377244969,0.204832955,0.112717765,0.159488968,0.008815599,0.02734439
101970,MOZ,Mozambique,Gaza,0.285420165,0.306981252,0.057255891,0.050449516,-0.00275936,-0.047519109,-0.054103199
101971,MOZ,Mozambique,Inhambane,0.28525823,0.307417912,0.058953935,0.077194568,0.002216603,-0.031255544,-0.053567173
101972,MOZ,Mozambique,Manica,0.286363319,0.365747895,0.082353372,0.133866974,0.04404419,0.010312356,-0.026972404
101973,MOZ,Mozambique,Maputo,0.284614623,0.276905516,0.057701832,0.031438292,-0.025167374,-0.027135781,-0.05991187
101974,MOZ,Mozambique,Maputo City,0.28461,0.276726,0.057839,0.0313308,-0.0253619,-0.0269997,-0.0600923
101975,MOZ,Mozambique,Nampula,0.285215776,0.37974936,0.191164393,0.14417319,0.157067539,0.029797636,0.035898289
101976,MOZ,Mozambique,Nassa,0.285806143,0.408119988,0.172960352,0.161440005,0.145107089,0.039561507,0.03061135
101977,MOZ,Mozambique,Sofala,0.286314812,0.36313197,0.125087311,0.117326874,0.069167637,0.0149421,-0.026401338
101978,MOZ,Mozambique,Tete,0.286908986,0.428034953,0.113172524,0.190967149,0.087243341,0.05409461,0.005978865
101979,MOZ,Mozambique,Zambezia,0.287083679,0.372134123,0.147138579,0.147904898,0.092088273,0.043061316,0.007802603
101980,MRT,Mauritania,Adrar,0.284307014,-0.182265521,-0.231830716,-0.009128875,0.252216835,0.128786276,-0.059540706
101981,MRT,Mauritania,Assaba,0.285442154,-0.297742804,-0.280337598,0.026825674,0.260925651,0.087316193,-0.064855734
101982,MRT,Mauritania,Brakna,0.284442186,-0.21965319,-0.296114197,-0.01446143,0.300557862,0.163566616,-0.033147073
101983,MRT,Mauritania,Dakhlet Nouadhibou,0.284307014,-0.182265521,-0.231830716,-0.009128875,0.252216835,0.128786276,-0.059540706
101984,MRT,Mauritania,Gorgol,0.286396573,-0.325301923,-0.295802909,0.029433471,0.286166727,0.1198683,-0.070323782
101985,MRT,Mauritania,Guidimaka,0.286468776,-0.336947989,-0.280049151,0.054063035,0.258347949,0.064898171,-0.073849989
101986,MRT,Mauritania,Hodh ech Chargui,0.285180463,-0.176798425,-0.17753304,0.038318327,0.232393531,0.075008955,-0.060855072
101987,MRT,Mauritania,Hodh el Gharbi,0.285724697,-0.285095332,-0.279059932,0.010543479,0.255446945,0.090913728,-0.06750358
101988,MRT,Mauritania,Inchiri,0.284307014,-0.182265521,-0.231830716,-0.009128875,0.252216835,0.128786276,-0.059540706
101989,MRT,Mauritania,Nouakchott,0.283990006,-0.184409629,-0.331665906,-0.074032031,0.308276053,0.20379223,-0.03120624
101990,MRT,Mauritania,Tagant,0.284307014,-0.182265521,-0.231830716,-0.009128875,0.252216835,0.128786276,-0.059540706
101991,MRT,Mauritania,Tiris Zemmour,0.284307014,-0.182265521,-0.231830716,-0.009128875,0.252216835,0.128786276,-0.059540706
101992,MRT,Mauritania,Trarza,0.283305158,-0.176662624,-0.304662584,-0.035791421,0.300020183,0.183153009,-0.025939047
102012,MWI,Malawi,Balaka,0.28730906,0.422288472,0.121439831,0.183013785,0.098934312,0.052277706,0.012669018
102013,MWI,Malawi,Blantyre,0.28730906,0.422288472,0.121439831,0.183013785,0.098934312,0.052277706,0.012669018
102014,MWI,Malawi,Chikwawa,0.28730906,0.422288472,0.121439831,0.183013785,0.098934312,0.052277706,0.012669018
102015,MWI,Malawi,Chiradzulu,0.28730906,0.422288472,0.121439831,0.183013785,0.098934312,0.052277706,0.012669018
102016,MWI,Malawi,Chitipa,0.284981961,0.385892168,0.167345778,0.118788171,0.113308888,0.028420595,-0.019836978
102017,MWI,Malawi,Dedza,0.285538518,0.428261184,0.147289964,0.178271367,0.127197452,0.039531377,0.012565857
102018,MWI,Malawi,Dowa,0.285538518,0.428261184,0.147289964,0.178271367,0.127197452,0.039531377,0.012565857
102019,MWI,Malawi,Karonga,0.284981961,0.385892168,0.167345778,0.118788171,0.113308888,0.028420595,-0.019836978
102020,MWI,Malawi,Kasungu,0.285538518,0.428261184,0.147289964,0.178271367,0.127197452,0.039531377,0.012565857
102021,MWI,Malawi,Likoma,0.284981961,0.385892168,0.167345778,0.118788171,0.113308888,0.028420595,-0.019836978
102022,MWI,Malawi,Lilongwe,0.285538518,0.428261184,0.147289964,0.178271367,0.127197452,0.039531377,0.012565857
102023,MWI,Malawi,Machinga,0.28730906,0.422288472,0.121439831,0.183013785,0.098934312,0.052277706,0.012669018
102024,MWI,Malawi,Mangochi,0.28730906,0.422288472,0.121439831,0.183013785,0.098934312,0.052277706,0.012669018
102025,MWI,Malawi,Mchinji,0.285538518,0.428261184,0.147289964,0.178271367,0.127197452,0.039531377,0.012565857
102026,MWI,Malawi,Mulanje,0.28730906,0.422288472,0.121439831,0.183013785,0.098934312,0.052277706,0.012669018
102027,MWI,Malawi,Mwanza,0.28730906,0.422288472,0.121439831,0.183013785,0.098934312,0.052277706,0.012669018
102028,MWI,Malawi,Mzimba,0.284981961,0.385892168,0.167345778,0.118788171,0.113308888,0.028420595,-0.019836978
102029,MWI,Malawi,Neno,0.28730906,0.422288472,0.121439831,0.183013785,0.098934312,0.052277706,0.012669018
102030,MWI,Malawi,Nkhata Bay,0.284981961,0.385892168,0.167345778,0.118788171,0.113308888,0.028420595,-0.019836978
102031,MWI,Malawi,Nkhotakota,0.285538518,0.428261184,0.147289964,0.178271367,0.127197452,0.039531377,0.012565857
102032,MWI,Malawi,Nsanje,0.28730906,0.422288472,0.121439831,0.183013785,0.098934312,0.052277706,0.012669018
102033,MWI,Malawi,Ntcheu,0.285538518,0.428261184,0.147289964,0.178271367,0.127197452,0.039531377,0.012565857
102034,MWI,Malawi,Ntchisi,0.285538518,0.428261184,0.147289964,0.178271367,0.127197452,0.039531377,0.012565857
102035,MWI,Malawi,Phalombe,0.28730906,0.422288472,0.121439831,0.183013785,0.098934312,0.052277706,0.012669018
102036,MWI,Malawi,Rumphi,0.284981961,0.385892168,0.167345778,0.118788171,0.113308888,0.028420595,-0.019836978
102037,MWI,Malawi,Salima,0.285538518,0.428261184,0.147289964,0.178271367,0.127197452,0.039531377,0.012565857
102038,MWI,Malawi,Thyolo,0.28730906,0.422288472,0.121439831,0.183013785,0.098934312,0.052277706,0.012669018
102039,MWI,Malawi,Zomba,0.28730906,0.422288472,0.121439831,0.183013785,0.098934312,0.052277706,0.012669018
102047,MYS,Malaysia,Pahang,1,0,0,0,0,0,0
102052,MYS,Malaysia,Sabah,1,0,0,0,0,0,0
102053,MYS,Malaysia,Sarawak,1,0,0,0,0,0,0
102073,NAM,Namibia,!Karas,0.284335245,0.341779017,0.11067982,0.037379941,0.092927206,-0.062853169,0.046043375
102074,NAM,Namibia,Erongo,0.284143712,0.358949596,0.162737215,0.041853539,0.149205653,-0.081611018,0.072608779
102075,NAM,Namibia,Hardap,0.284335245,0.341779017,0.11067982,0.037379941,0.092927206,-0.062853169,0.046043375
102076,NAM,Namibia,Kavango,0.285124574,0.401673454,0.114727138,0.126635391,0.10681892,-0.01044679,0.048467945
102077,NAM,Namibia,Khomas,0.284335245,0.341779017,0.11067982,0.037379941,0.092927206,-0.062853169,0.046043375
102078,NAM,Namibia,Kunene,0.283896806,0.36581067,0.197940841,0.029681622,0.187231826,-0.114786927,0.086297477
102079,NAM,Namibia,Ohangwena,0.284557179,0.40053774,0.105179833,0.111215159,0.104534161,-0.035097352,0.060645069
102080,NAM,Namibia,Omaheke,0.284335245,0.341779017,0.11067982,0.037379941,0.092927206,-0.062853169,0.046043375
102081,NAM,Namibia,Omusati,0.283961347,0.381930176,0.14059644,0.080176916,0.139701658,-0.060369477,0.091785868
102082,NAM,Namibia,Oshana,0.284539352,0.38031292,0.129337528,0.088512683,0.131864922,-0.053655785,0.104744132
102083,NAM,Namibia,Oshikoto,0.284571416,0.388830328,0.107973727,0.093286488,0.113714417,-0.045170236,0.078460852
102084,NAM,Namibia,Otjozondjupa,0.284189982,0.366552849,0.126930125,0.069176617,0.115967497,-0.045518555,0.059083778
102085,NAM,Namibia,Zambezi,0.286329378,0.407260444,0.103772404,0.139666739,0.069136696,-0.00578453,-0.008001967
102089,NER,Niger,Agadez,0.285419013,-0.125583814,-0.092070085,0.060279538,0.163985297,0.084667095,0.012677063
102090,NER,Niger,Diffa,0.284982139,-0.335174441,-0.264846869,0.088583905,0.32945481,0.117805907,-0.180523552
102091,NER,Niger,Dosso,0.285507882,-0.39617163,-0.196572847,0.096482688,0.202545906,0.057560541,-0.077476295
102092,NER,Niger,Maradi,0.285772257,-0.39667648,-0.237784084,0.096217249,0.252384252,0.065710952,-0.114765964
102093,NER,Niger,Niamey,0.28589431,-0.407519202,-0.207999535,0.12440189,0.212406796,0.037408302,-0.082714477
102094,NER,Niger,Tahoua,0.285498,-0.384126742,-0.243712153,0.089521118,0.263238086,0.081449962,-0.109169992
102095,NER,Niger,Tillaberi,0.285433437,-0.401213502,-0.203253174,0.114319609,0.210323728,0.04601317,-0.088352603
102096,NER,Niger,Zinder,0.286399988,-0.395841193,-0.247584149,0.100148423,0.282318256,0.074491372,-0.153135284
102097,NGA,Nigeria,Abia,0.285237323,-0.192701955,-0.07587165,-0.099772312,-0.003204681,0.045520261,0.042633717
102098,NGA,Nigeria,Adamawa,0.285808255,-0.306420768,-0.138245486,-0.045889016,0.058895056,0.0892019,0.023751654
102099,NGA,Nigeria,Akwa Ibom,0.285351324,-0.184866453,-0.09527117,-0.092868461,0.015320925,0.044526103,0.020756943
102100,NGA,Nigeria,Anambra,0.285406143,-0.212737196,-0.070242137,-0.099359143,-7.16E-04,0.044570374,0.039862614
102101,NGA,Nigeria,Bauchi,0.285695219,-0.335104259,-0.142229545,-0.004567459,0.109827831,0.100629026,-0.019680433
102102,NGA,Nigeria,Bayelsa,0.285562079,-0.190381793,-0.084421378,-0.092362061,-0.013342236,0.026697134,0.036286044
102103,NGA,Nigeria,Benue,0.286304422,-0.226393648,-0.101134857,-0.105077216,-0.004566609,0.045788753,0.061975813
102104,NGA,Nigeria,Borno,0.285478705,-0.373787578,-0.192555768,0.060005703,0.178053382,0.061680342,-0.067644361
102105,NGA,Nigeria,Cross River,0.285828278,-0.182256447,-0.072374839,-0.11598183,-0.025661237,0.030871156,0.049296945
102106,NGA,Nigeria,Delta,0.285279162,-0.198952186,-0.060220863,-0.09076997,-0.029447932,0.021436902,0.046689468
102107,NGA,Nigeria,Ebonyi,0.285814087,-0.199554863,-0.0792497,-0.110768853,-0.012825383,0.04403561,0.061702177
102108,NGA,Nigeria,Edo,0.285316636,-0.192774791,-0.040830309,-0.098377216,-0.009529524,0.021732756,0.038634698
102109,NGA,Nigeria,Ekiti,0.285302456,-0.179553901,-0.04432423,-0.104309091,0.005183711,0.004364567,0.021272557
102110,NGA,Nigeria,Enugu,0.285506462,-0.215468151,-0.074094994,-0.104027453,-0.002741175,0.052577547,0.043345196
102111,NGA,Nigeria,Federal Capital Territory,0.285693507,-0.267701599,-0.114615092,-0.091303119,0.027587119,0.09063608,0.046214076
102112,NGA,Nigeria,Gombe,0.285528463,-0.319981212,-0.157223223,-0.037258863,0.098319461,0.109949402,0.002566313
102113,NGA,Nigeria,Imo,0.285202199,-0.192832217,-0.069592467,-0.101170831,-0.001814647,0.04631429,0.041886313
102114,NGA,Nigeria,Jigawa,0.28571129,-0.387422139,-0.188084776,0.085189854,0.190221841,0.062944417,-0.075288095
102115,NGA,Nigeria,Kaduna,0.28566882,-0.312442964,-0.128892401,-0.044702974,0.059120199,0.098992869,0.030392638
102116,NGA,Nigeria,Kano,0.28570644,-0.376655498,-0.155742822,0.058514443,0.142680736,0.074151143,-0.042166927
102117,NGA,Nigeria,Katsina,0.285497502,-0.374215764,-0.170648859,0.053145384,0.145564764,0.070592487,-0.02963973
102118,NGA,Nigeria,Kebbi,0.28485081,-0.354316171,-0.174318413,0.017343753,0.141650412,0.090553998,-0.019898828
102119,NGA,Nigeria,Kogi,0.285933453,-0.240606244,-0.07894171,-0.085495922,0.021484298,0.057219747,0.027223859
102120,NGA,Nigeria,Kwara,0.285556067,-0.260745152,-0.078658027,-0.066683045,0.025122588,0.052205248,0.03074014
102121,NGA,Nigeria,Lagos,0.285903877,-0.243117128,0.001927166,-0.027904706,-0.096405019,-0.027069243,0.100796206
102122,NGA,Nigeria,Nassarawa,0.28622357,-0.265649101,-0.104975724,-0.09082279,0.027742975,0.092908476,0.038492322
102123,NGA,Nigeria,Niger,0.285518569,-0.303579803,-0.140457421,-0.050742088,0.076063827,0.094387534,0.028864879
102124,NGA,Nigeria,Ogun,0.285770547,-0.212735371,-0.01830054,-0.067567463,-0.068161928,-0.021904239,0.08672802
102125,NGA,Nigeria,Ondo,0.285268033,-0.191780257,-0.024001727,-0.090411687,-0.027666755,0.001613177,0.046152698
102126,NGA,Nigeria,Osun,0.285669647,-0.176320736,-0.044950533,-0.11659629,-0.027151774,0.007153711,0.054994685
102127,NGA,Nigeria,Oyo,0.285528637,-0.220836674,-0.057052995,-0.088462542,-0.01320478,0.02442779,0.064655219
102128,NGA,Nigeria,Plateau,0.28608101,-0.280024073,-0.098495156,-0.081019904,0.029441115,0.106940753,0.037558756
102129,NGA,Nigeria,Rivers,0.285647812,-0.181188563,-0.081964867,-0.089297071,0.001709898,0.033512127,0.032917346
102130,NGA,Nigeria,Sokoto,0.28544563,-0.380574657,-0.201328802,0.058505994,0.194172428,0.085077264,-0.060508638
102131,NGA,Nigeria,Taraba,0.28597278,-0.259715332,-0.122268618,-0.086491898,0.021393544,0.067117756,0.041918081
102132,NGA,Nigeria,Yobe,0.285176341,-0.37315011,-0.204859445,0.053286032,0.196122496,0.080062895,-0.070206926
102133,NGA,Nigeria,Zamfara,0.285293228,-0.354736782,-0.177345018,0.014977095,0.136175496,0.09228101,-0.009481487
102134,NIC,Nicaragua,Atlantico Norte,1,0,0,0,0,0,0
102135,NIC,Nicaragua,Atlantico Sur,1,0,0,0,0,0,0
102186,NPL,Nepal,East,0.285505,-0.325352,-0.132815,-0.0109352,0.104675,0.0779865,-0.013919
102187,NPL,Nepal,Far-Western,0.285505,-0.325352,-0.132815,-0.0109352,0.104675,0.0779865,-0.013919
102235,PAK,Pakistan,Baluchistan,0.285505,-0.325352,-0.132815,-0.0109352,0.104675,0.0779865,-0.013919
102236,PAK,Pakistan,F.A.T.A.,0.285505,-0.325352,-0.132815,-0.0109352,0.104675,0.0779865,-0.013919
102238,PAK,Pakistan,N.W.F.P.,0.285505,-0.325352,-0.132815,-0.0109352,0.104675,0.0779865,-0.013919
102241,PAK,Pakistan,Sind,0.285505,-0.325352,-0.132815,-0.0109352,0.104675,0.0779865,-0.013919
102249,PAN,Panama,Kuna Yala,1,0,0,0,0,0,0
102246,PAN,Panama,Darien,1,0,0,0,0,0,0
102252,PAN,Panama,Panama,1,0,0,0,0,0,0
102279,PER,Peru,Tumbes,1,0,0,0,0,0,0
102271,PER,Peru,Loreto,1,0,0,0,0,0,0
102280,PER,Peru,Ucayali,1,0,0,0,0,0,0
102255,PER,Peru,Amazonas,1,0,0,0,0,0,0
102267,PER,Peru,La Libertad,1,0,0,0,0,0,0
102277,PER,Peru,San Martin,1,0,0,0,0,0,0
102260,PER,Peru,Cajamarca,1,0,0,0,0,0,0
102281,PHL,Philippines,Abra,1,0,0,0,0,0,0
102287,PHL,Philippines,Apayao,1,0,0,0,0,0,0
102293,PHL,Philippines,Benguet,1,0,0,0,0,0,0
102313,PHL,Philippines,Ifugao,1,0,0,0,0,0,0
102318,PHL,Philippines,Kalinga,1,0,0,0,0,0,0
102330,PHL,Philippines,Mountain Province,1,0,0,0,0,0,0
102314,PHL,Philippines,Ilocos Norte,1,0,0,0,0,0,0
102315,PHL,Philippines,Ilocos Sur,1,0,0,0,0,0,0
102319,PHL,Philippines,La Union,1,0,0,0,0,0,0
102341,PHL,Philippines,Pangasinan,1,0,0,0,0,0,0
102291,PHL,Philippines,Batanes,1,0,0,0,0,0,0
102298,PHL,Philippines,Cagayan,1,0,0,0,0,0,0
102317,PHL,Philippines,Isabela,1,0,0,0,0,0,0
102336,PHL,Philippines,Nueva Vizcaya,1,0,0,0,0,0,0
102343,PHL,Philippines,Quirino,1,0,0,0,0,0,0
102282,PHL,Philippines,Agusan del Norte,1,0,0,0,0,0,0
102283,PHL,Philippines,Agusan del Sur,1,0,0,0,0,0,0
102310,PHL,Philippines,Dinagat Islands,1,0,0,0,0,0,0
102354,PHL,Philippines,Surigao del Norte,1,0,0,0,0,0,0
102355,PHL,Philippines,Surigao del Sur,1,0,0,0,0,0,0
102289,PHL,Philippines,Basilan,1,0,0,0,0,0,0
102323,PHL,Philippines,Leyte,1,0,0,0,0,0,0
102324,PHL,Philippines,Maguindanao,1,0,0,0,0,0,0
102353,PHL,Philippines,Sulu,1,0,0,0,0,0,0
102357,PHL,Philippines,Tawi-Tawi,1,0,0,0,0,0,0
102359,PHL,Philippines,Zamboanga del Norte,1,0,0,0,0,0,0
102360,PHL,Philippines,Zamboanga del Sur,1,0,0,0,0,0,0
102361,PHL,Philippines,Zamboanga Sibugay,1,0,0,0,0,0,0
102296,PHL,Philippines,Bukidnon,1,0,0,0,0,0,0
102301,PHL,Philippines,Camiguin,1,0,0,0,0,0,0
102321,PHL,Philippines,Lanao del Norte,1,0,0,0,0,0,0
102328,PHL,Philippines,Misamis Occidental,1,0,0,0,0,0,0
102329,PHL,Philippines,Misamis Oriental,1,0,0,0,0,0,0
102306,PHL,Philippines,Compostela Valley,1,0,0,0,0,0,0
102307,PHL,Philippines,Davao del Norte,1,0,0,0,0,0,0
102308,PHL,Philippines,Davao del Sur,1,0,0,0,0,0,0
102309,PHL,Philippines,Davao Oriental,1,0,0,0,0,0,0
102333,PHL,Philippines,North Cotabato,1,0,0,0,0,0,0
102347,PHL,Philippines,Sarangani,1,0,0,0,0,0,0
102350,PHL,Philippines,South Cotabato,1,0,0,0,0,0,0
102352,PHL,Philippines,Sultan Kudarat,1,0,0,0,0,0,0
102288,PHL,Philippines,Aurora,1,0,0,0,0,0,0
102290,PHL,Philippines,Bataan,1,0,0,0,0,0,0
102297,PHL,Philippines,Bulacan,1,0,0,0,0,0,0
102335,PHL,Philippines,Nueva Ecija,1,0,0,0,0,0,0
102340,PHL,Philippines,Pampanga,1,0,0,0,0,0,0
102356,PHL,Philippines,Tarlac,1,0,0,0,0,0,0
102358,PHL,Philippines,Zambales,1,0,0,0,0,0,0
102292,PHL,Philippines,Batangas,1,0,0,0,0,0,0
102304,PHL,Philippines,Cavite,1,0,0,0,0,0,0
102320,PHL,Philippines,Laguna,1,0,0,0,0,0,0
102342,PHL,Philippines,Quezon,1,0,0,0,0,0,0
102344,PHL,Philippines,Rizal,1,0,0,0,0,0,0
102325,PHL,Philippines,Marinduque,1,0,0,0,0,0,0
102339,PHL,Philippines,Palawan,1,0,0,0,0,0,0
102345,PHL,Philippines,Romblon,1,0,0,0,0,0,0
102378,PNG,Papua New Guinea,Bougainville,1,0,0,0,0,0,0
102379,PNG,Papua New Guinea,Central,1,0,0,0,0,0,0
102380,PNG,Papua New Guinea,Chimbu,1,0,0,0,0,0,0
102381,PNG,Papua New Guinea,East New Britain,1,0,0,0,0,0,0
102382,PNG,Papua New Guinea,East Sepik,1,0,0,0,0,0,0
102383,PNG,Papua New Guinea,Eastern Highlands,1,0,0,0,0,0,0
102384,PNG,Papua New Guinea,Enga,1,0,0,0,0,0,0
102385,PNG,Papua New Guinea,Gulf,1,0,0,0,0,0,0
102386,PNG,Papua New Guinea,Hela,1,0,0,0,0,0,0
102387,PNG,Papua New Guinea,Jiwaka,1,0,0,0,0,0,0
102388,PNG,Papua New Guinea,Madang,1,0,0,0,0,0,0
102389,PNG,Papua New Guinea,Manus,1,0,0,0,0,0,0
102390,PNG,Papua New Guinea,Milne Bay,1,0,0,0,0,0,0
102391,PNG,Papua New Guinea,Morobe,1,0,0,0,0,0,0
102392,PNG,Papua New Guinea,National Capital District,1,0,0,0,0,0,0
102393,PNG,Papua New Guinea,New Ireland,1,0,0,0,0,0,0
102394,PNG,Papua New Guinea,Oro,1,0,0,0,0,0,0
102395,PNG,Papua New Guinea,Sandaun,1,0,0,0,0,0,0
102396,PNG,Papua New Guinea,Southern Highlands,1,0,0,0,0,0,0
102397,PNG,Papua New Guinea,West New Britain,1,0,0,0,0,0,0
102398,PNG,Papua New Guinea,Western,1,0,0,0,0,0,0
102399,PNG,Papua New Guinea,Western Highlands,1,0,0,0,0,0,0
102689,RWA,Rwanda,Amajyaruguru,0.285130191,0.124914964,0.08996501,-0.125197555,-0.010659653,0.011406272,-0.02426181
102690,RWA,Rwanda,Amajyepfo,0.285639951,0.185438702,0.104279856,-0.091984412,0.010449599,7.19E-04,-0.011219511
102691,RWA,Rwanda,Iburasirazuba,0.284958926,0.144355504,0.114999187,-0.126579473,-0.016500987,0.001790975,-0.043540087
102692,RWA,Rwanda,Iburengerazuba,0.285787887,0.15959228,0.06761901,-0.093761155,-0.006782036,0.010445033,-0.002054234
102693,RWA,Rwanda,Umujyi wa Kigali,0.284842378,0.157681802,0.115305366,-0.120531943,-0.018156264,-0.007321226,-0.039776605
102703,SAU,Saudi Arabia,Jizan,0.285505,-0.325352,-0.132815,-0.0109352,0.104675,0.0779865,-0.013919
102707,SDN,Sudan,Al Jazirah,0.285172492,-0.366190215,-0.240272269,0.065534844,0.196818942,0.021560066,-0.067088912
102708,SDN,Sudan,Al Qadarif,0.284100401,-0.254670947,-0.189152722,-0.049309208,0.156627099,0.162231559,-0.083952877
102709,SDN,Sudan,Blue Nile,0.285176536,-0.366087829,-0.239479571,0.065855517,0.194751879,0.019595242,-0.065351206
102712,SDN,Sudan,Kassala,0.284107333,-0.253836574,-0.188044931,-0.049624008,0.156370146,0.162801067,-0.083789222
102713,SDN,Sudan,Khartoum,0.285706538,-0.369059831,-0.285304997,0.03940168,0.311147182,0.117468356,-0.155757908
102714,SDN,Sudan,North Darfur,0.285542972,-0.27303789,-0.176476422,0.080679125,0.222025849,0.074917757,-0.09326955
102715,SDN,Sudan,North Kurdufan,0.285445522,-0.358604695,-0.25097167,0.05323492,0.227537836,0.05333918,-0.070443732
102716,SDN,Sudan,Northern,0.286568773,-0.166467625,-0.006955888,-0.031280062,0.146402772,0.160843945,-0.060865089
102717,SDN,Sudan,Red Sea,0.28409557,-0.254019915,-0.188789477,-0.049917191,0.156192404,0.162909674,-0.083777861
102719,SDN,Sudan,Sennar,0.285172703,-0.366278788,-0.239840513,0.06594741,0.195737928,0.020277092,-0.066186226
102720,SDN,Sudan,South Darfur,0.285541522,-0.273061749,-0.176406319,0.080369915,0.221490229,0.074710163,-0.092901746
102721,SDN,Sudan,South Kurdufan,0.285439093,-0.359510424,-0.25209159,0.053412804,0.227526497,0.052670539,-0.070224151
102722,SDN,Sudan,West Darfur,0.28554001,-0.273805222,-0.177036322,0.080817256,0.22247956,0.074855633,-0.093642143
102724,SDN,Sudan,White Nile,0.285183761,-0.366800141,-0.240525709,0.066284455,0.196912256,0.020464096,-0.066376436
102725,SEN,Senegal,Dakar,0.28496145,-0.292828142,-0.38424633,-0.069863499,0.354898396,0.21541597,-0.092146763
102726,SEN,Senegal,Diourbel,0.284327252,-0.299038171,-0.332079225,-0.007261492,0.300234021,0.131091675,-0.063888106
102727,SEN,Senegal,Fatick,0.284595259,-0.317593544,-0.331394491,-0.001915169,0.293101909,0.116623245,-0.061672743
102728,SEN,Senegal,Kaffrine,0.284862362,-0.313978452,-0.320307796,0.00137371,0.259769906,0.090151731,-0.036746112
102729,SEN,Senegal,Kaolack,0.284817875,-0.314854456,-0.322189322,8.85E-04,0.265295583,0.09438491,-0.040915695
102730,SEN,Senegal,Kedougou,0.285883048,-0.332529233,-0.282857887,0.024906709,0.214209793,0.056909378,-0.012320449
102731,SEN,Senegal,Kolda,0.28500366,-0.326938196,-0.311765983,0.002210285,0.232902535,0.064733318,-0.01894
102732,SEN,Senegal,Louga,0.284580517,-0.280492483,-0.327969257,-0.0081073,0.300580561,0.139304264,-0.062353793
102733,SEN,Senegal,Matam,0.2859612,-0.316861452,-0.306613683,0.020347224,0.273463464,0.101213757,-0.057499692
102734,SEN,Senegal,Saint louis,0.284569329,-0.246170792,-0.321295668,-0.018616169,0.302396073,0.148390135,-0.043779684
102735,SEN,Senegal,Sedhiou,0.284989895,-0.327042084,-0.312371638,0.002010147,0.23369947,0.064740717,-0.019560329
102736,SEN,Senegal,Tambacounda,0.285879049,-0.332375085,-0.283339842,0.024715787,0.214874053,0.057374002,-0.012589213
102737,SEN,Senegal,Thies,0.284593097,-0.29923858,-0.35471881,-0.031352802,0.32595719,0.165928412,-0.079114484
102738,SEN,Senegal,Ziguinchor,0.285087866,-0.338996672,-0.331271355,0.005729466,0.27627607,0.069969443,-0.058396157
102749,SLB,Solomon Islands,Central,1,0,0,0,0,0,0
102750,SLB,Solomon Islands,Choiseul,1,0,0,0,0,0,0
102751,SLB,Solomon Islands,Guadalcanal,1,0,0,0,0,0,0
102752,SLB,Solomon Islands,Honiara,1,0,0,0,0,0,0
102753,SLB,Solomon Islands,Isabel,1,0,0,0,0,0,0
102754,SLB,Solomon Islands,Makira Ulawa,1,0,0,0,0,0,0
102755,SLB,Solomon Islands,Malaita,1,0,0,0,0,0,0
102756,SLB,Solomon Islands,Rennell and Bellona,1,0,0,0,0,0,0
102757,SLB,Solomon Islands,Temotu,1,0,0,0,0,0,0
102758,SLB,Solomon Islands,Western,1,0,0,0,0,0,0
102759,SLE,Sierra Leone,Eastern,0.28523009,-0.197720811,-0.139898904,-0.055100311,-0.010727025,-0.004744084,0.017987456
102760,SLE,Sierra Leone,Northern,0.285623864,-0.269428782,-0.20854871,-0.018254941,0.076757182,0.01924015,0.006270377
102761,SLE,Sierra Leone,Southern,0.285434602,-0.255617069,-0.198535707,-0.007165586,0.068766336,0.028868532,-0.005662451
102762,SLE,Sierra Leone,Western,0.286485681,-0.329119155,-0.256649528,0.03258495,0.177966366,0.081645214,-0.039852582
102786,SOM,Somalia,Awdal,0.283609718,-0.174329233,0.017672362,-0.158216455,-0.020371022,0.169154122,-0.110654846
102787,SOM,Somalia,Bakool,0.283846778,-0.014869862,0.066558098,-0.290250848,-0.283289186,0.060083358,-0.011198746
102788,SOM,Somalia,Banaadir,0.28369647,0.08931218,-0.020218157,-0.241747216,-0.377914612,-0.020230171,-0.16157421
102789,SOM,Somalia,Bari,0.286363045,-0.107329931,-0.096531348,-0.075260897,-0.198269614,0.060434854,-0.001248066
102790,SOM,Somalia,Bay,0.285031366,0.060116293,0.004033828,-0.268573732,-0.330018954,-0.034711854,-0.090191684
102791,SOM,Somalia,Galguduud,0.286127195,0.003962817,-0.003873985,-0.183408611,-0.332527285,0.010651062,-0.006061592
102792,SOM,Somalia,Gedo,0.285182856,0.054625796,0.067959355,-0.271289983,-0.314136322,-0.016520563,-0.139169482
102793,SOM,Somalia,Hiiraan,0.284899829,-0.004276837,0.016781941,-0.281969987,-0.322339968,0.002340082,-0.017721354
102794,SOM,Somalia,Jubbada Dhexe,0.285052108,0.046132681,0.020112631,-0.222022737,-0.349648728,-0.025385733,-0.123062717
102795,SOM,Somalia,Jubbada Hoose,0.286428584,0.054381387,-0.003705515,-0.162815716,-0.349768871,-0.028329466,-0.098817886
102796,SOM,Somalia,Mudug,0.286456901,-0.029773873,-0.004967511,-0.110584918,-0.318612767,0.02023021,-0.010130667
102797,SOM,Somalia,Nugaal,0.28671708,-0.083209432,-0.033443933,-0.099108468,-0.281480545,0.046603233,0.002349348
102798,SOM,Somalia,Sanaag,0.284147264,-0.1634199,-0.076283539,-0.13876407,-0.131148358,0.087126103,0.029643555
102799,SOM,Somalia,Shabeellaha Dhexe,0.286043962,0.058473234,-0.017534386,-0.273210093,-0.355966184,-0.026663368,-0.084898312
102800,SOM,Somalia,Shabeellaha Hoose,0.285142513,0.071158904,-0.026900436,-0.246222796,-0.362889505,-0.039005231,-0.105757051
102801,SOM,Somalia,Sool,0.286033613,-0.109042206,-0.12656919,-0.167739614,-0.176738628,0.027653267,0.058499404
102802,SOM,Somalia,Togdheer,0.286095602,-0.127283475,-0.060939683,-0.1842271,-0.164598614,0.072979476,0.024591727
102803,SOM,Somalia,Woqooyi Galbeed,0.284868114,-0.183236652,-0.026768955,-0.161868812,-0.068992228,0.127135297,-0.028931117
102831,SSD,South Sudan,Central Equatoria,0.284505393,-0.155890898,-0.007150339,-0.085607828,-0.072451522,0.022773919,-0.011516195
102832,SSD,South Sudan,Eastern Equatoria,0.284505429,-0.155908212,-0.007311013,-0.085556903,-0.072370178,0.022895119,-0.011543939
102833,SSD,South Sudan,Jungoli,0.284946836,-0.233498653,-0.145015331,-0.043633806,0.009803937,0.006843785,0.032478148
102834,SSD,South Sudan,Lakes,0.285072552,-0.269716779,-0.112866689,-0.031429045,0.002823587,0.01838291,0.039039459
102835,SSD,South Sudan,North Bahr-al-Ghazal,0.285081393,-0.270984894,-0.114100296,-0.030096749,0.005056715,0.018818196,0.038519579
102836,SSD,South Sudan,Unity,0.284949558,-0.2343091,-0.145476418,-0.043166365,0.010756043,0.007037452,0.032134965
102837,SSD,South Sudan,Upper Nile,0.284951628,-0.235360649,-0.146443909,-0.042144115,0.012679309,0.007227174,0.030984217
102838,SSD,South Sudan,Warap,0.285078015,-0.270842843,-0.114093693,-0.03078604,0.003996106,0.018423564,0.039179268
102839,SSD,South Sudan,West Bahr-al-Ghazal,0.285079653,-0.27073786,-0.113716926,-0.030538077,0.004244572,0.018616682,0.038916801
102840,SSD,South Sudan,West Equatoria,0.284507327,-0.156400163,-0.007512301,-0.085370981,-0.072191074,0.022763571,-0.011287303
102843,SUR,Suriname,Brokopondo,1,0,0,0,0,0,0
102844,SUR,Suriname,Commewijne,1,0,0,0,0,0,0
102845,SUR,Suriname,Coronie,1,0,0,0,0,0,0
102846,SUR,Suriname,Marowijne,1,0,0,0,0,0,0
102847,SUR,Suriname,Nickerie,1,0,0,0,0,0,0
102848,SUR,Suriname,Para,1,0,0,0,0,0,0
102849,SUR,Suriname,Paramaribo,1,0,0,0,0,0,0
102850,SUR,Suriname,Saramacca,1,0,0,0,0,0,0
102851,SUR,Suriname,Sipaliwini,1,0,0,0,0,0,0
102852,SUR,Suriname,Wanica,1,0,0,0,0,0,0
102944,TCD,Chad,Barh el Ghazel,0.284975341,-0.396946761,-0.275993216,0.093328093,0.33197531,0.09811638,-0.205339391
102945,TCD,Chad,Batha,0.285166137,-0.396080922,-0.279510479,0.097664423,0.328917199,0.083520882,-0.191184137
102946,TCD,Chad,Borkou,0.28516298,-0.184299268,-0.098108794,0.051955208,0.177521193,0.091783231,-0.078386467
102947,TCD,Chad,Chari-Baguirmi,0.285939702,-0.362208161,-0.213053648,0.03747374,0.175232975,0.070284899,-0.033116196
102948,TCD,Chad,Ennedi Est,0.285163024,-0.184216257,-0.098040445,0.051940715,0.17747275,0.091791141,-0.078354387
102949,TCD,Chad,Ennedi Ouest,0.285163024,-0.184216257,-0.098040445,0.051940715,0.17747275,0.091791141,-0.078354387
102950,TCD,Chad,Guéra,0.285619333,-0.367234866,-0.206201319,0.053648854,0.166315108,0.051480886,-0.032878623
102951,TCD,Chad,Hadjer-Lamis,0.285658967,-0.381377132,-0.229044091,0.076151864,0.218574074,0.055593676,-0.087570614
102952,TCD,Chad,Kanem,0.284978388,-0.397026158,-0.274819488,0.093694748,0.329232814,0.096275382,-0.201903059
102953,TCD,Chad,Lac,0.285040685,-0.399099085,-0.251016631,0.101209514,0.27323809,0.05859982,-0.131800982
102954,TCD,Chad,Logone Occidental,0.284694803,-0.325519187,-0.175444784,-0.003818766,0.090465166,0.058977701,0.029275351
102955,TCD,Chad,Logone Oriental,0.284970957,-0.311698653,-0.160760977,-0.011940747,0.079395912,0.047231953,0.020205317
102956,TCD,Chad,Mandoul,0.285063029,-0.313767608,-0.164011802,-0.013185374,0.082814171,0.046145556,0.02198196
102957,TCD,Chad,Mayo-Kebbi Est,0.285688027,-0.360705032,-0.17511465,0.039896615,0.123647763,0.065293537,-3.12E-04
102958,TCD,Chad,Mayo-Kebbi Ouest,0.285685901,-0.335293289,-0.164022156,0.010081934,0.080529964,0.053730385,0.026598953
102959,TCD,Chad,Moyen-Chari,0.285013691,-0.359863282,-0.181160878,0.050795186,0.130781999,0.030173752,-0.014444686
102960,TCD,Chad,Ouaddai,0.284998558,-0.385606483,-0.239942934,0.083155661,0.235738159,0.042647108,-0.085808201
102961,TCD,Chad,Salamat,0.285013691,-0.359863282,-0.181160878,0.050795186,0.130781999,0.030173752,-0.014444686
102962,TCD,Chad,Sila,0.285000524,-0.385017685,-0.23947858,0.083012294,0.235262603,0.042673488,-0.085476057
102963,TCD,Chad,Tandjile,0.285048678,-0.343230681,-0.163500833,0.014813758,0.102301263,0.070003598,0.008592601
102964,TCD,Chad,Tibesti,0.285163157,-0.184082448,-0.097951944,0.051921197,0.177379288,0.091780693,-0.078223845
102965,TCD,Chad,Ville de N'Djamena,0.285939702,-0.362208161,-0.213053648,0.03747374,0.175232975,0.070284899,-0.033116196
102966,TCD,Chad,Wadi Fira,0.285215027,-0.402686961,-0.292295712,0.108062155,0.371013092,0.106276882,-0.241740357
102967,TGO,Togo,Centre,0.285509681,-0.256820812,-0.065352499,-0.051969853,0.043253655,0.052169699,-0.003529378
102968,TGO,Togo,Kara,0.285258721,-0.266589616,-0.141854138,-0.058636271,0.069045046,0.057293976,0.026655539
102969,TGO,Togo,Maritime,0.285588943,-0.176736414,0.041339737,-0.088793072,-0.111446548,-0.02669396,0.094513325
102970,TGO,Togo,Plateaux,0.285745544,-0.204434995,-0.006513132,-0.067739944,-0.023192437,0.011745527,0.026769174
102971,TGO,Togo,Savanes,0.285602215,-0.313897028,-0.139564398,-0.026005143,0.09326268,0.072908987,-0.003685046
102980,THA,Thailand,Chanthaburi,1,0,0,0,0,0,0
102981,THA,Thailand,Chiang Mai,1,0,0,0,0,0,0
102984,THA,Thailand,Chumphon,1,0,0,0,0,0,0
102987,THA,Thailand,Kanchanaburi,1,0,0,0,0,0,0
102989,THA,Thailand,Krabi,1,0,0,0,0,0,0
102994,THA,Thailand,Mae Hong Son,1,0,0,0,0,0,0
102996,THA,Thailand,Mukdahan,1,0,0,0,0,0,0
103002,THA,Thailand,Nakhon Si Thammarat,1,0,0,0,0,0,0
103004,THA,Thailand,Narathiwat,1,0,0,0,0,0,0
103009,THA,Thailand,Pattani,1,0,0,0,0,0,0
103010,THA,Thailand,Phangnga,1,0,0,0,0,0,0
103014,THA,Thailand,Phetchaburi,1,0,0,0,0,0,0
103019,THA,Thailand,Phuket,1,0,0,0,0,0,0
103021,THA,Thailand,Prachuap Khiri Khan,1,0,0,0,0,0,0
103022,THA,Thailand,Ranong,1,0,0,0,0,0,0
103023,THA,Thailand,Ratchaburi,1,0,0,0,0,0,0
103024,THA,Thailand,Rayong,1,0,0,0,0,0,0
103032,THA,Thailand,Satun,1,0,0,0,0,0,0
103033,THA,Thailand,Si Sa Ket,1,0,0,0,0,0,0
103035,THA,Thailand,Songkhla,1,0,0,0,0,0,0
103038,THA,Thailand,Surat Thani,1,0,0,0,0,0,0
103040,THA,Thailand,Tak,1,0,0,0,0,0,0
103042,THA,Thailand,Trat,1,0,0,0,0,0,0
103043,THA,Thailand,Ubon Ratchathani,1,0,0,0,0,0,0
103047,THA,Thailand,Yala,1,0,0,0,0,0,0
103063,TLS,Timor-Leste,Aileu,1,0,0,0,0,0,0
103064,TLS,Timor-Leste,Ainaro,1,0,0,0,0,0,0
103065,TLS,Timor-Leste,Ambeno,1,0,0,0,0,0,0
103066,TLS,Timor-Leste,Baucau,1,0,0,0,0,0,0
103067,TLS,Timor-Leste,Bobonaro,1,0,0,0,0,0,0
103068,TLS,Timor-Leste,Covalima,1,0,0,0,0,0,0
103069,TLS,Timor-Leste,Dili,1,0,0,0,0,0,0
103070,TLS,Timor-Leste,Ermera,1,0,0,0,0,0,0
103071,TLS,Timor-Leste,Lautem,1,0,0,0,0,0,0
103072,TLS,Timor-Leste,Liquica,1,0,0,0,0,0,0
103073,TLS,Timor-Leste,Manatuto,1,0,0,0,0,0,0
103074,TLS,Timor-Leste,Manufahi,1,0,0,0,0,0,0
103075,TLS,Timor-Leste,Viqueque,1,0,0,0,0,0,0
103217,TZA,Tanzania,Arusha,0.285716071,0.222426415,0.214426789,-0.058271766,-0.020735475,0.022186294,-0.103438199
103218,TZA,Tanzania,Dar es Salaam,0.286989018,0.076418414,0.234851428,-0.169025653,-0.081478693,0.005592733,-0.144202768
103219,TZA,Tanzania,Dodoma,0.28603413,0.360055388,0.202624557,0.076970994,0.109632157,0.031619718,-0.036617477
103220,TZA,Tanzania,Geita,0.285287139,0.25235353,0.148733392,-0.021220523,-0.035428543,0.0250013,-0.084803446
103221,TZA,Tanzania,Iringa,0.285250091,0.36138871,0.215056723,0.08010031,0.128391844,0.024904226,-0.030203337
103222,TZA,Tanzania,Kagera,0.28461347,0.147875061,0.126870427,-0.099843342,-0.032716571,0.020966592,-0.056224068
103223,TZA,Tanzania,Katavi,0.285260142,0.330172167,0.157122208,0.050282078,0.024870592,0.023674953,-0.07768588
103224,TZA,Tanzania,Kigoma,0.284845604,0.285560619,0.127422648,-0.020516472,-0.00598893,-0.019691673,-0.066097594
103225,TZA,Tanzania,Kilimanjaro,0.286730896,0.225468023,0.156144702,-0.055441166,-0.050808743,-0.021086255,-0.1275297
103226,TZA,Tanzania,Lindi,0.285654319,0.305106619,0.237645367,0.001986219,0.094991099,-0.006473561,-0.052699119
103227,TZA,Tanzania,Manyara,0.286108764,0.29548399,0.212132246,-0.010518874,0.059592326,-0.014303496,-0.080620871
103228,TZA,Tanzania,Mara,0.285465669,0.129196092,0.099257934,-0.09185773,-0.09312386,0.053771597,-0.073003588
103229,TZA,Tanzania,Mbeya,0.284873208,0.370403555,0.174341507,0.086662942,0.086206662,0.02617019,-0.050569268
103230,TZA,Tanzania,Morogoro,0.286592533,0.289318405,0.235764517,-0.014315057,0.078359635,8.34E-04,-0.06520538
103231,TZA,Tanzania,Mtwara,0.285208006,0.339682998,0.225771093,0.045999574,0.13425411,-0.009383769,-0.0175681
103232,TZA,Tanzania,Mwanza,0.285190857,0.1923818,0.115632287,-0.078029286,-0.07356037,0.028391179,-0.083851672
103233,TZA,Tanzania,Njombe,0.285250091,0.36138871,0.215056723,0.08010031,0.128391844,0.024904226,-0.030203337
103234,TZA,Tanzania,Pemba North,0.286769639,3.71E-04,0.206908859,-0.16456671,-0.268461644,0.084723807,-0.072625359
103235,TZA,Tanzania,Pemba South,0.285975475,0.066620949,0.204643876,-0.146052211,-0.221097743,0.08578599,-0.138343164
103236,TZA,Tanzania,Pwani,0.287271184,0.173080309,0.240555711,-0.125696776,-0.038928599,-0.009756023,-0.131138097
103237,TZA,Tanzania,Rukwa,0.285058123,0.339434005,0.133380549,0.043375165,0.021888647,-7.14E-04,-0.073413387
103238,TZA,Tanzania,Ruvuma,0.285354861,0.3848665,0.207375714,0.117417593,0.147685097,0.028281133,-9.82E-04
103239,TZA,Tanzania,Shinyanga,0.285287139,0.25235353,0.148733392,-0.021220523,-0.035428543,0.0250013,-0.084803446
103240,TZA,Tanzania,Simiyu,0.285287139,0.25235353,0.148733392,-0.021220523,-0.035428543,0.0250013,-0.084803446
103241,TZA,Tanzania,Singida,0.285269809,0.363683017,0.184795078,0.083750411,0.083509284,0.031996919,-0.053884584
103242,TZA,Tanzania,Tabora,0.285260142,0.330172167,0.157122208,0.050282078,0.024870592,0.023674953,-0.07768588
103243,TZA,Tanzania,Tanga,0.286052182,0.206539413,0.173932419,-0.073929595,-0.0727086,-9.51E-04,-0.115925312
103244,TZA,Tanzania,Zanzibar North,0.286785897,0.068147694,0.213478341,-0.159850404,-0.145226356,0.04481327,-0.166511153
103245,TZA,Tanzania,Zanzibar South and Central,0.286991869,0.082686366,0.192832113,-0.151151525,-0.161628582,0.016801292,-0.20377833
103246,TZA,Tanzania,Zanzibar West,0.286992,0.0826956,0.192819,-0.151146,-0.161639,0.0167835,-0.203802
103247,UGA,Uganda,Adjumani,0.284781768,-0.091940649,-0.013259912,-0.122865304,-0.067150128,0.013478266,-0.046427367
103248,UGA,Uganda,Apac,0.284832212,-0.069014327,-0.00307879,-0.114116164,-0.039028936,0.02560853,-0.057597873
103249,UGA,Uganda,Arua,0.284761223,-0.092336162,-0.023168976,-0.122381557,-0.042742191,0.003819283,-0.044760332
103250,UGA,Uganda,Bugiri,0.285039415,0.020722435,0.044400622,-0.111908396,-0.07985829,0.036556801,-0.044255239
103251,UGA,Uganda,Bundibugyo,0.284769388,-0.016248851,0.014396161,-0.121026506,-0.029502893,0.012858559,-0.025506599
103252,UGA,Uganda,Bushenyi,0.285126996,0.046480225,0.011049037,-0.141182964,-0.022537062,0.017553512,-0.022375591
103253,UGA,Uganda,Busia,0.285121767,0.006009965,0.034247452,-0.109041278,-0.090805578,0.038258464,-0.04265859
103254,UGA,Uganda,Gulu,0.284982863,-0.081625027,-0.01314337,-0.116079621,-0.058481759,0.023200189,-0.054791204
103255,UGA,Uganda,Hoima,0.284762718,-0.019685101,-5.54E-04,-0.131014192,-0.034284376,-0.002110651,-0.038044403
103256,UGA,Uganda,Iganga,0.285023846,-0.001661041,0.045822152,-0.099944533,-0.057261944,0.044239718,-0.046838478
103257,UGA,Uganda,Jinja,0.284761108,0.039550514,0.038061376,-0.089788374,-0.044117757,0.031267739,-0.042369933
103258,UGA,Uganda,Kabale,0.285382193,0.093315261,0.057261303,-0.136259874,0.004146002,0.022474371,-0.008235064
103259,UGA,Uganda,Kabarole,0.28489162,-0.003948548,0.007358302,-0.135348977,-0.026977297,0.020687522,-0.021073915
103260,UGA,Uganda,Kaberamaido,0.284529971,-0.037655334,0.008344684,-0.124195662,-0.050698934,0.03002296,-0.057023013
103261,UGA,Uganda,Kalangala,0.285142209,0.078804304,0.074886431,-0.066190461,-0.068468196,0.041047658,-0.053283778
103262,UGA,Uganda,Kampala,0.284619973,0.081972968,0.055244727,-0.07882152,-0.041988232,0.024753556,-0.043174258
103263,UGA,Uganda,Kamuli,0.284770228,-0.006150921,0.051026489,-0.117815566,-0.055260084,0.03506281,-0.048733318
103264,UGA,Uganda,Kamwenge,0.285043798,0.024729998,3.41E-04,-0.138384969,-0.01158207,0.022865546,-0.024903396
103265,UGA,Uganda,Kanungu,0.285280307,0.045422941,-0.006342664,-0.130940639,-0.029805314,0.027464717,-0.002301644
103266,UGA,Uganda,Kapchorwa,0.284947553,-0.101159786,0.043622404,-0.103373715,-0.038905331,0.066194506,-0.055652908
103267,UGA,Uganda,Kasese,0.285046419,0.020459492,-0.001296723,-0.138544989,-0.037320342,0.024834465,-0.021636626
103268,UGA,Uganda,Katakwi,0.284776901,-0.086620485,0.007984488,-0.101194842,-0.045847144,0.056919114,-0.055936143
103269,UGA,Uganda,Kayunga,0.28453056,0.01113136,0.040328232,-0.120677538,-0.05429718,0.024580491,-0.04361136
103270,UGA,Uganda,Kibale,0.284800099,0.002025422,-0.003186871,-0.130201389,-0.017912344,0.005253758,-0.032214884
103271,UGA,Uganda,Kiboga,0.284957728,0.012310579,0.014592807,-0.129089855,-0.019852079,0.01106161,-0.033694867
103272,UGA,Uganda,Kisoro,0.285439427,0.046021421,0.010965157,-0.124448428,-0.028778909,0.027232377,0.010758402
103273,UGA,Uganda,Kitgum,0.284858168,-0.12059106,0.020866648,-0.109206842,-0.074446328,0.067397995,-0.056381868
103274,UGA,Uganda,Kotido,0.284427651,-0.110824955,0.084770122,-0.108277079,-0.10510702,0.090513893,-0.070830064
103275,UGA,Uganda,Kumi,0.284895993,-0.075078762,0.047044875,-0.117306548,-0.062744158,0.055463539,-0.057275499
103276,UGA,Uganda,Kyenjojo,0.28485889,0.00996116,-0.003189119,-0.134488321,-0.011915525,0.018965132,-0.027918209
103279,UGA,Uganda,Lira,0.285012556,-0.071660989,0.006993646,-0.115471712,-0.049886775,0.039561948,-0.051281989
103280,UGA,Uganda,Luwero,0.284706797,0.015980768,0.029828448,-0.124845554,-0.040848985,0.020807229,-0.033870542
103281,UGA,Uganda,Masaka,0.284954736,0.089197002,0.077285546,-0.073954174,-0.047769718,0.032599111,-0.052202502
103282,UGA,Uganda,Masindi,0.284979433,-0.048631609,-0.007015791,-0.132615544,-0.04204296,0.018566248,-0.043917941
103283,UGA,Uganda,Mayuge,0.285178415,0.071651599,0.06429906,-0.076099317,-0.070463442,0.039767335,-0.052244545
103284,UGA,Uganda,Mbale,0.285454638,-0.050216688,0.057860141,-0.104895125,-0.047655064,0.056869799,-0.044556563
103285,UGA,Uganda,Mbarara,0.284911546,0.072695337,0.04522781,-0.138919683,-0.004214131,0.030653452,-0.038535464
103286,UGA,Uganda,Moroto,0.284396367,-0.085234222,0.075279806,-0.111706349,-0.095452086,0.073974825,-0.069522155
103287,UGA,Uganda,Moyo,0.285043026,-0.114309578,-0.012351322,-0.103311554,-0.074944562,0.025676834,-0.028578592
103288,UGA,Uganda,Mpigi,0.284787857,0.084494463,0.059801968,-0.078883696,-0.047977719,0.022928328,-0.053089332
103289,UGA,Uganda,Mubende,0.284814358,0.055792421,0.019463759,-0.111704661,-0.019850271,0.014204305,-0.037939077
103290,UGA,Uganda,Mukono,0.284983788,0.070326779,0.061724563,-0.076388694,-0.06188079,0.034530621,-0.047709805
103291,UGA,Uganda,Nakapiripirit,0.284000748,-0.10984167,0.040540095,-0.096642684,-0.055053621,0.060118582,-0.059095499
103292,UGA,Uganda,Nakasongola,0.284690314,-0.011738111,0.017181656,-0.14238977,-0.050301737,0.023254335,-0.032657428
103293,UGA,Uganda,Nebbi,0.284721274,-0.051906611,-0.027975123,-0.122232137,-0.036917014,0.004736541,-0.058484562
103294,UGA,Uganda,Ntungamo,0.285105039,0.099331522,0.036849688,-0.140312418,0.004785439,0.007994946,-0.025888119
103295,UGA,Uganda,Pader,0.285455107,-0.112390636,0.026237843,-0.099218039,-0.069623025,0.071981217,-0.047254896
103296,UGA,Uganda,Pallisa,0.285255378,-0.030600015,0.054545211,-0.102886221,-0.056500315,0.05313874,-0.05304452
103297,UGA,Uganda,Rakai,0.284813884,0.092462768,0.097619114,-0.08403939,-0.030249718,0.040767368,-0.052769148
103298,UGA,Uganda,Rukungiri,0.285108128,0.056921116,0.002541716,-0.132221206,-0.031468591,0.018477007,-0.019651799
103299,UGA,Uganda,Sembabule,0.284954736,0.089197002,0.077285546,-0.073954174,-0.047769718,0.032599111,-0.052202502
103300,UGA,Uganda,Sironko,0.28511077,-0.07705167,0.060399019,-0.111790305,-0.046889711,0.063341037,-0.054997154
103301,UGA,Uganda,Soroti,0.284467833,-0.047732991,0.031707414,-0.12440049,-0.050447193,0.04302299,-0.054645835
103302,UGA,Uganda,Tororo,0.285222407,-0.012997543,0.050499209,-0.102059493,-0.061379867,0.04373002,-0.045764559
103303,UGA,Uganda,Wakiso,0.284847329,0.077440521,0.063355788,-0.078762489,-0.056126215,0.029250927,-0.052400439
103304,UGA,Uganda,Yumbe,0.28490854,-0.121368394,-0.006190507,-0.122195278,-0.051263244,0.018325165,-0.033683316
103431,VEN,Venezuela,Amazonas,1,0,0,0,0,0,0
103436,VEN,Venezuela,Bolivar,1,0,0,0,0,0,0
103504,VNM,Vietnam,Nghe An,1,0,0,0,0,0,0
103465,VNM,Vietnam,Bac Lieu,1,0,0,0,0,0,0
103483,VNM,Vietnam,Dien Bien,1,0,0,0,0,0,0
103516,VNM,Vietnam,Tay Ninh,1,0,0,0,0,0,0
103500,VNM,Vietnam,Lam Dong,1,0,0,0,0,0,0
103497,VNM,Vietnam,Kon Tum,1,0,0,0,0,0,0
103506,VNM,Vietnam,Ninh Thuan,1,0,0,0,0,0,0
103513,VNM,Vietnam,Quang Tri,1,0,0,0,0,0,0
103478,VNM,Vietnam,Dak Lak,1,0,0,0,0,0,0
103514,VNM,Vietnam,Soc Trang,1,0,0,0,0,0,0
103474,VNM,Vietnam,Binh Thuan,1,0,0,0,0,0,0
103499,VNM,Vietnam,Lai Chau,1,0,0,0,0,0,0
103472,VNM,Vietnam,Binh Duong,1,0,0,0,0,0,0
103470,VNM,Vietnam,Ba Ria Vung Tau,1,0,0,0,0,0,0
103477,VNM,Vietnam,Cao Bang,1,0,0,0,0,0,0
103495,VNM,Vietnam,Khanh Hoa,1,0,0,0,0,0,0
103467,VNM,Vietnam,Bac Kan,1,0,0,0,0,0,0
103476,VNM,Vietnam,Ca Mau,1,0,0,0,0,0,0
103520,VNM,Vietnam,Thanh Hoa,1,0,0,0,0,0,0
103510,VNM,Vietnam,Quang Nam,1,0,0,0,0,0,0
103471,VNM,Vietnam,Binh Dinh,1,0,0,0,0,0,0
103517,VNM,Vietnam,Thua Thien Hue,1,0,0,0,0,0,0
103480,VNM,Vietnam,Dong Nai,1,0,0,0,0,0,0
103511,VNM,Vietnam,Quang Ngai,1,0,0,0,0,0,0
103484,VNM,Vietnam,Gia Lai,1,0,0,0,0,0,0
103473,VNM,Vietnam,Binh Phuoc,1,0,0,0,0,0,0
103479,VNM,Vietnam,Dak Nong,1,0,0,0,0,0,0
103509,VNM,Vietnam,Quang Binh,1,0,0,0,0,0,0
103508,VNM,Vietnam,Phu Yen,1,0,0,0,0,0,0
103527,VUT,Vanuatu,Malampa,1,0,0,0,0,0,0
103529,VUT,Vanuatu,Sanma,1,0,0,0,0,0,0
103530,VUT,Vanuatu,Shefa,1,0,0,0,0,0,0
103531,VUT,Vanuatu,Tafea,1,0,0,0,0,0,0
103532,VUT,Vanuatu,Torba,1,0,0,0,0,0,0
103561,YEM,Yemen,`Adan,0.285505,-0.325352,-0.132815,-0.0109352,0.104675,0.0779865,-0.013919
103562,YEM,Yemen,Abyan,0.285505,-0.325352,-0.132815,-0.0109352,0.104675,0.0779865,-0.013919
103563,YEM,Yemen,Al Bayda,0.285505,-0.325352,-0.132815,-0.0109352,0.104675,0.0779865,-0.013919
103564,YEM,Yemen,Al Dali',0.285505,-0.325352,-0.132815,-0.0109352,0.104675,0.0779865,-0.013919
103565,YEM,Yemen,Al Hudaydah,0.285505,-0.325352,-0.132815,-0.0109352,0.104675,0.0779865,-0.013919
103566,YEM,Yemen,Al Jawf,0.285505,-0.325352,-0.132815,-0.0109352,0.104675,0.0779865,-0.013919
103567,YEM,Yemen,Al Mahrah,0.285505,-0.325352,-0.132815,-0.0109352,0.104675,0.0779865,-0.013919
103568,YEM,Yemen,Al Mahwit,0.285505,-0.325352,-0.132815,-0.0109352,0.104675,0.0779865,-0.013919
103570,YEM,Yemen,Amran,0.285505,-0.325352,-0.132815,-0.0109352,0.104675,0.0779865,-0.013919
103571,YEM,Yemen,Dhamar,0.285505,-0.325352,-0.132815,-0.0109352,0.104675,0.0779865,-0.013919
103572,YEM,Yemen,Hadramawt,0.285505,-0.325352,-0.132815,-0.0109352,0.104675,0.0779865,-0.013919
103573,YEM,Yemen,Hajjah,0.285505,-0.325352,-0.132815,-0.0109352,0.104675,0.0779865,-0.013919
103574,YEM,Yemen,Ibb,0.285505,-0.325352,-0.132815,-0.0109352,0.104675,0.0779865,-0.013919
103575,YEM,Yemen,Lahij,0.285505,-0.325352,-0.132815,-0.0109352,0.104675,0.0779865,-0.013919
103576,YEM,Yemen,Ma'rib,0.285505,-0.325352,-0.132815,-0.0109352,0.104675,0.0779865,-0.013919
103578,YEM,Yemen,Sa`dah,0.285505,-0.325352,-0.132815,-0.0109352,0.104675,0.0779865,-0.013919
103579,YEM,Yemen,San`a',0.285505,-0.325352,-0.132815,-0.0109352,0.104675,0.0779865,-0.013919
103580,YEM,Yemen,Shabwah,0.285505,-0.325352,-0.132815,-0.0109352,0.104675,0.0779865,-0.013919
103581,YEM,Yemen,Ta`izz,0.285505,-0.325352,-0.132815,-0.0109352,0.104675,0.0779865,-0.013919
103582,ZAF,South Africa,Eastern Cape,0.284651005,0.250245218,5.35E-04,0.01942394,0.012663955,-0.031631695,-0.004535703
103583,ZAF,South Africa,Free State,0.284651005,0.250245218,5.35E-04,0.01942394,0.012663955,-0.031631695,-0.004535703
103584,ZAF,South Africa,Gauteng,0.28479836,0.298729925,0.050337576,0.038873708,0.010878369,-0.026004205,0.013219825
103585,ZAF,South Africa,KwaZulu-Natal,0.284651005,0.250245218,5.35E-04,0.01942394,0.012663955,-0.031631695,-0.004535703
103586,ZAF,South Africa,Limpopo,0.285399112,0.339219414,0.030355772,0.058028375,-0.013642943,-0.049599844,-0.035570597
103587,ZAF,South Africa,Mpumalanga,0.284727633,0.317848929,0.010542173,0.045506229,-0.01858975,-0.040316863,-0.018097905
103588,ZAF,South Africa,North West,0.284841279,0.287996577,0.072790783,0.035133854,0.027473071,-0.018014146,0.030725732
103589,ZAF,South Africa,Northern Cape,0.284651005,0.250245218,5.35E-04,0.01942394,0.012663955,-0.031631695,-0.004535703
103590,ZAF,South Africa,Western Cape,0.284651005,0.250245218,5.35E-04,0.01942394,0.012663955,-0.031631695,-0.004535703
103591,ZMB,Zambia,Central,0.285591169,0.423872268,0.09334875,0.161460321,0.061867465,0.011628846,-0.025106299
103592,ZMB,Zambia,Copperbelt,0.285594696,0.414733359,0.089542716,0.14130511,0.056289762,-0.00531043,-0.024532351
103593,ZMB,Zambia,Eastern,0.285449237,0.405626573,0.132724783,0.14064064,0.089043985,0.017922758,-0.022707728
103594,ZMB,Zambia,Luapula,0.285113253,0.400408208,0.087684669,0.119352102,0.040501744,0.0041775,-0.039740736
103595,ZMB,Zambia,Lusaka,0.286069616,0.427595145,0.089720708,0.176540188,0.054486778,0.021451603,-0.03089302
103596,ZMB,Zambia,Muchinga,0.285314796,0.409383775,0.114055707,0.141983525,0.074363072,0.01287277,-0.024242194
103597,ZMB,Zambia,North-Western,0.285627394,0.395994969,0.071135838,0.104125045,0.037624886,-0.028998232,-0.026718599
103598,ZMB,Zambia,Northern,0.284903982,0.398652485,0.116093589,0.123849614,0.072177766,0.009066706,-0.024912555
103599,ZMB,Zambia,Southern,0.28641129,0.421886661,0.082555162,0.15499328,0.052018852,0.007224629,-0.020970036
103600,ZMB,Zambia,Western,0.285883012,0.406569156,0.08886845,0.125116003,0.056535956,-0.016274196,-0.014648876
103601,ZWE,Zimbabwe,Bulawayo,0.286464931,0.398290393,0.048408306,0.118229665,0.001864164,-0.008452456,-0.046791476
103602,ZWE,Zimbabwe,Harare,0.28647412,0.397252267,0.039074593,0.115424021,0.002629681,-0.011822619,-0.04480884
103603,ZWE,Zimbabwe,Manicaland,0.286404062,0.371213521,0.055380005,0.109410491,0.005606114,-0.006221221,-0.060979859
103604,ZWE,Zimbabwe,Mashonaland Central,0.287107689,0.422923806,0.089578861,0.170535327,0.060821712,0.020141635,-0.008539337
103605,ZWE,Zimbabwe,Mashonaland East,0.286774211,0.393129108,0.051796314,0.127999536,0.00841829,0.001918015,-0.053180957
103606,ZWE,Zimbabwe,Mashonaland West,0.286414907,0.413196148,0.086166783,0.143839683,0.051166688,0.001014984,-0.025039513
103607,ZWE,Zimbabwe,Masvingo,0.287250832,0.352254362,0.049432931,0.074109435,0.005364578,-0.051235999,-0.040859364
103608,ZWE,Zimbabwe,Matabeleland North,0.286221258,0.398318019,0.083263698,0.129464808,0.040324112,0.006303489,-0.017412582
103609,ZWE,Zimbabwe,Matabeleland South,0.28654202,0.3657857,0.045329358,0.076079269,-0.002891457,-0.034243019,-0.043871732
103610,ZWE,Zimbabwe,Midlands,0.286907519,0.391997327,0.064762584,0.117409189,0.02277017,-0.002292322,-0.029443416
